n,m,rho,seed,L_r1,L_r3a,L_c_analytic
4,6,0.55,1,0.5616220613767429,0.35213750557886575,0.277181036156087
4,6,0.55,2,0.564506681855928,0.3529798401350979,0.277181036156087
4,6,0.55,3,0.5740158675800182,0.35834427221866477,0.277181036156087
4,6,0.55,4,0.5632977920438076,0.36023525533091777,0.277181036156087
4,6,0.55,5,0.5629469935266778,0.3513533781232784,0.277181036156087
4,6,0.55,6,0.5678462362577343,0.35737598629295464,0.277181036156087
4,6,0.55,7,0.5588679287259688,0.36006495239807496,0.277181036156087
4,6,0.55,8,0.5679937671521489,0.3583769132270723,0.277181036156087
4,6,0.55,9,0.5741630833159482,0.36243320946165786,0.277181036156087
4,6,0.55,10,0.5722807075422701,0.35561666627509103,0.277181036156087
4,6,0.55,11,0.5827654000598432,0.35647872406231684,0.277181036156087
4,6,0.55,12,0.5653789982823112,0.3506375021280133,0.277181036156087
4,6,0.55,13,0.573772216760403,0.3524535144837734,0.277181036156087
4,6,0.55,14,0.5786084859722206,0.36145982311269914,0.277181036156087
4,6,0.55,15,0.5602118727065217,0.3519591034272955,0.277181036156087
4,6,0.55,16,0.5672784934706476,0.36247463786291784,0.277181036156087
4,6,0.55,17,0.5603277655978689,0.3590026129354178,0.277181036156087
4,6,0.55,18,0.5841278794131759,0.3624819532031084,0.277181036156087
4,6,0.55,19,0.5754113788127199,0.35328655974065176,0.277181036156087
4,6,0.55,20,0.5564541007717378,0.35742497451259003,0.277181036156087
4,6,0.55,21,0.5811431593306268,0.3651539964160222,0.277181036156087
4,6,0.55,22,0.5694412391978916,0.3584419695101273,0.277181036156087
4,6,0.55,23,0.5625159688322126,0.362866712205028,0.277181036156087
4,6,0.55,24,0.5629322962298126,0.36004890666801376,0.277181036156087
4,6,0.55,25,0.567098457197524,0.36545288056254255,0.277181036156087
4,6,0.55,26,0.5634105491120687,0.3604707418095537,0.277181036156087
4,6,0.55,27,0.5580712927651728,0.35244519038041544,0.277181036156087
4,6,0.55,28,0.5683799217908205,0.35800571349619104,0.277181036156087
4,6,0.55,29,0.5679086880515055,0.35591516272632917,0.277181036156087
4,6,0.55,30,0.5675626981307812,0.3536579401285451,0.277181036156087
4,6,0.6,1,0.707843230553921,0.4241218785797309,0.4304258152047016
4,6,0.6,2,0.7012389432241792,0.43593045202106767,0.4304258152047016
4,6,0.6,3,0.7106528889686914,0.4232711894456614,0.4304258152047016
4,6,0.6,4,0.7228115554555433,0.4273499342243378,0.4304258152047016
4,6,0.6,5,0.7082896076705054,0.42123396119672746,0.4304258152047016
4,6,0.6,6,0.7094039387149412,0.4311036954974366,0.4304258152047016
4,6,0.6,7,0.712559293186407,0.42847549201331986,0.4304258152047016
4,6,0.6,8,0.7056391780608092,0.4276681842636293,0.4304258152047016
4,6,0.6,9,0.7197231753971227,0.42943281907389724,0.4304258152047016
4,6,0.6,10,0.7234282678943791,0.4233382273900699,0.4304258152047016
4,6,0.6,11,0.7152304121152587,0.42145154477673963,0.4304258152047016
4,6,0.6,12,0.693958154607546,0.42029249000986446,0.4304258152047016
4,6,0.6,13,0.7113062152235263,0.4204746989687266,0.4304258152047016
4,6,0.6,14,0.7122943462342509,0.41672943841203247,0.4304258152047016
4,6,0.6,15,0.7120793152511433,0.4177053398293341,0.4304258152047016
4,6,0.6,16,0.7048429044584628,0.42237953384834254,0.4304258152047016
4,6,0.6,17,0.7268413079662001,0.4311906147760892,0.4304258152047016
4,6,0.6,18,0.7282446468133913,0.4277191553390136,0.4304258152047016
4,6,0.6,19,0.7174895202690351,0.4183867283868602,0.4304258152047016
4,6,0.6,20,0.7042022147747864,0.4311513910384234,0.4304258152047016
4,6,0.6,21,0.7065800334053636,0.4293172536547813,0.4304258152047016
4,6,0.6,22,0.6994784418361095,0.42431828231577634,0.4304258152047016
4,6,0.6,23,0.7257500160744441,0.42087491092122775,0.4304258152047016
4,6,0.6,24,0.7207733767548917,0.42293377557381134,0.4304258152047016
4,6,0.6,25,0.7117579736650196,0.4197803887454062,0.4304258152047016
4,6,0.6,26,0.7173924648266916,0.4260136364034967,0.4304258152047016
4,6,0.6,27,0.7031576842741991,0.42383061211319906,0.4304258152047016
4,6,0.6,28,0.7082489422131376,0.42377150396389834,0.4304258152047016
4,6,0.6,29,0.7039080770390405,0.4269615329831594,0.4304258152047016
4,6,0.6,30,0.7142183275783087,0.42531946699484396,0.4304258152047016
4,6,0.65,1,0.8585205427637563,0.5058386058946486,0.6572831169092059
4,6,0.65,2,0.8750391548200956,0.4941753655265772,0.6572831169092059
4,6,0.65,3,0.8768788758980411,0.501792894281318,0.6572831169092059
4,6,0.65,4,0.866348733009522,0.5104269310113093,0.6572831169092059
4,6,0.65,5,0.8578383383516124,0.5053246200038046,0.6572831169092059
4,6,0.65,6,0.8638220828304313,0.5130279096163904,0.6572831169092059
4,6,0.65,7,0.8480854878023183,0.4998406815207083,0.6572831169092059
4,6,0.65,8,0.8766797745685186,0.5046094819630556,0.6572831169092059
4,6,0.65,9,0.8631793088404265,0.509801087842999,0.6572831169092059
4,6,0.65,10,0.8615535011332452,0.513592960924622,0.6572831169092059
4,6,0.65,11,0.8501524094622372,0.5050803517039916,0.6572831169092059
4,6,0.65,12,0.8689930153929024,0.49748086201061525,0.6572831169092059
4,6,0.65,13,0.8540084845972051,0.511477769116037,0.6572831169092059
4,6,0.65,14,0.8561414435976733,0.519587455494803,0.6572831169092059
4,6,0.65,15,0.8655183957621722,0.5083988350859695,0.6572831169092059
4,6,0.65,16,0.864350031956844,0.5172355441365769,0.6572831169092059
4,6,0.65,17,0.873625585861648,0.5197781236685884,0.6572831169092059
4,6,0.65,18,0.8673806618586692,0.5241614982396982,0.6572831169092059
4,6,0.65,19,0.8431583655998699,0.5110056514768679,0.6572831169092059
4,6,0.65,20,0.8611840020800507,0.5078318898462474,0.6572831169092059
4,6,0.65,21,0.8779468642156665,0.5046558300040063,0.6572831169092059
4,6,0.65,22,0.8683891450505986,0.5168435192201731,0.6572831169092059
4,6,0.65,23,0.8511528134502128,0.5106648501300074,0.6572831169092059
4,6,0.65,24,0.8750186425181631,0.5131913645863324,0.6572831169092059
4,6,0.65,25,0.8600937315528646,0.5155533711591633,0.6572831169092059
4,6,0.65,26,0.8638969645823286,0.505294267963019,0.6572831169092059
4,6,0.65,27,0.8676878064777763,0.4988787668184489,0.6572831169092059
4,6,0.65,28,0.8788543974967439,0.5101160595874302,0.6572831169092059
4,6,0.65,29,0.8681863036267896,0.5081483824181796,0.6572831169092059
4,6,0.65,30,0.8477902120170122,0.508891853059265,0.6572831169092059
4,6,0.7,1,1.026687336739172,0.6246951624188775,0.9948450591739566
4,6,0.7,2,1.040778395353104,0.6115462057537042,0.9948450591739566
4,6,0.7,3,1.0380127662160619,0.6278792608950031,0.9948450591739566
4,6,0.7,4,1.0348596115714515,0.6095747661422896,0.9948450591739566
4,6,0.7,5,1.0311677257622094,0.6198772833557561,0.9948450591739566
4,6,0.7,6,1.0444481196354878,0.6156087982900895,0.9948450591739566
4,6,0.7,7,1.0216209986473976,0.6200381481686983,0.9948450591739566
4,6,0.7,8,1.029125413010353,0.630489114090046,0.9948450591739566
4,6,0.7,9,1.0189826761551017,0.6398470281036128,0.9948450591739566
4,6,0.7,10,1.0488799397695863,0.6069066942594437,0.9948450591739566
4,6,0.7,11,1.0051876988447528,0.6028365101571821,0.9948450591739566
4,6,0.7,12,1.0269011453420906,0.6157953025525028,0.9948450591739566
4,6,0.7,13,1.0313712963991057,0.6424611474528882,0.9948450591739566
4,6,0.7,14,1.023912319327808,0.5992470821524762,0.9948450591739566
4,6,0.7,15,1.0217455866028946,0.6235097951454133,0.9948450591739566
4,6,0.7,16,1.0295230725478914,0.6150547308859183,0.9948450591739566
4,6,0.7,17,1.0433729162312746,0.6189982970046329,0.9948450591739566
4,6,0.7,18,1.0394246950269734,0.6284123616281271,0.9948450591739566
4,6,0.7,19,1.038907861914528,0.6162297501964743,0.9948450591739566
4,6,0.7,20,1.0377745939861658,0.6397433624107551,0.9948450591739566
4,6,0.7,21,1.0322298949541107,0.6207978182477726,0.9948450591739566
4,6,0.7,22,1.0202736232951939,0.6228662090948897,0.9948450591739566
4,6,0.7,23,1.0412724738039942,0.6103112630585217,0.9948450591739566
4,6,0.7,24,1.0137728983713472,0.6394517943566593,0.9948450591739566
4,6,0.7,25,1.0419897249290782,0.6203234442151783,0.9948450591739566
4,6,0.7,26,1.0213343673226174,0.6432372861973579,0.9948450591739566
4,6,0.7,27,1.0389234574882336,0.6088470129629283,0.9948450591739566
4,6,0.7,28,1.0235760728627394,0.6166352840155765,0.9948450591739566
4,6,0.7,29,1.0494462031128209,0.6269055880157555,0.9948450591739566
4,6,0.7,30,1.0350460287966814,0.6223737844233358,0.9948450591739566
4,6,0.75,1,1.2215895065419857,0.7731586788440118,1.501041196658349
4,6,0.75,2,1.1890225097255884,0.7649487397102529,1.501041196658349
4,6,0.75,3,1.2127254060864363,0.7657876888633214,1.501041196658349
4,6,0.75,4,1.1979233336711297,0.7751201148980366,1.501041196658349
4,6,0.75,5,1.211355908519933,0.7624728632447593,1.501041196658349
4,6,0.75,6,1.205284794605132,0.7952167187432538,1.501041196658349
4,6,0.75,7,1.1915154380718693,0.7712084901512497,1.501041196658349
4,6,0.75,8,1.2311184334207672,0.7651702995792297,1.501041196658349
4,6,0.75,9,1.2046077967406696,0.7613492182123605,1.501041196658349
4,6,0.75,10,1.2106911152020876,0.7720302203930449,1.501041196658349
4,6,0.75,11,1.1942622852949272,0.7901532898829376,1.501041196658349
4,6,0.75,12,1.2252180974190867,0.7503784097693018,1.501041196658349
4,6,0.75,13,1.2171109468383763,0.7686660379917452,1.501041196658349
4,6,0.75,14,1.2204454202719166,0.7712054157882099,1.501041196658349
4,6,0.75,15,1.2208068595507398,0.7944850237411922,1.501041196658349
4,6,0.75,16,1.2185139382983816,0.7599174269312081,1.501041196658349
4,6,0.75,17,1.2077276597790059,0.7890032445312614,1.501041196658349
4,6,0.75,18,1.198538017373742,0.8116495513725508,1.501041196658349
4,6,0.75,19,1.22247684526433,0.7604162975624142,1.501041196658349
4,6,0.75,20,1.215689490759461,0.769500871323084,1.501041196658349
4,6,0.75,21,1.20025180662588,0.7700854391555078,1.501041196658349
4,6,0.75,22,1.2190431741804542,0.7800159085250392,1.501041196658349
4,6,0.75,23,1.208355550694122,0.7686704515022272,1.501041196658349
4,6,0.75,24,1.2237573115317493,0.759328771624336,1.501041196658349
4,6,0.75,25,1.1976795275207948,0.7556996402431242,1.501041196658349
4,6,0.75,26,1.1959741934175312,0.7532638524009533,1.501041196658349
4,6,0.75,27,1.2070976324775953,0.7851314277564764,1.501041196658349
4,6,0.75,28,1.199828488032841,0.7753307890140345,1.501041196658349
4,6,0.75,29,1.2137845443299708,0.7528095502153459,1.501041196658349
4,6,0.75,30,1.210149960260005,0.7804575710770039,1.501041196658349
10,9,0.7,1,1.3261635294201009,0.5468787521398841,0.5173728370570251
10,9,0.7,2,1.3538398348357723,0.5438712589661752,0.5173728370570251
10,9,0.7,3,1.368417026002657,0.5469071529654236,0.5173728370570251
10,9,0.7,4,1.3665838506989825,0.5403617832553207,0.5173728370570251
10,9,0.7,5,1.3285778104595898,0.5439165915816486,0.5173728370570251
10,9,0.7,6,1.3479441869073596,0.5418465769548921,0.5173728370570251
10,9,0.7,7,1.3579060637984643,0.5399393786054996,0.5173728370570251
10,9,0.7,8,1.3674568218070147,0.5459925975644959,0.5173728370570251
10,9,0.7,9,1.3439644111269062,0.5483052428160758,0.5173728370570251
10,9,0.7,10,1.3585214945768782,0.5433939159932516,0.5173728370570251
10,9,0.7,11,1.3472832616065205,0.5468327685084804,0.5173728370570251
10,9,0.7,12,1.3309807089028642,0.5478900492674115,0.5173728370570251
10,9,0.7,13,1.369201131609635,0.5463732674544087,0.5173728370570251
10,9,0.7,14,1.3505335690922327,0.5394944702541544,0.5173728370570251
10,9,0.7,15,1.3459541195501399,0.5443408624509194,0.5173728370570251
10,9,0.7,16,1.3496566821195006,0.5416054574685203,0.5173728370570251
10,9,0.7,17,1.3543953166021505,0.5408364234650544,0.5173728370570251
10,9,0.7,18,1.3461550416154568,0.5471743094906139,0.5173728370570251
10,9,0.7,19,1.3663173436493727,0.5410425876616747,0.5173728370570251
10,9,0.7,20,1.3479319304420039,0.543749355087931,0.5173728370570251
10,9,0.7,21,1.34308197689588,0.5474134265888728,0.5173728370570251
10,9,0.7,22,1.3529262529837773,0.5467833813788296,0.5173728370570251
10,9,0.7,23,1.361455058835292,0.5451313562478968,0.5173728370570251
10,9,0.7,24,1.3394330026390917,0.5421710155414519,0.5173728370570251
10,9,0.7,25,1.3349882938470687,0.5452225425276319,0.5173728370570251
10,9,0.7,26,1.3266606530912919,0.5460826543421693,0.5173728370570251
10,9,0.7,27,1.3449718290510329,0.5451599021776872,0.5173728370570251
10,9,0.7,28,1.3543057309685052,0.543306151979298,0.5173728370570251
10,9,0.7,29,1.3784624229125435,0.5486733861846742,0.5173728370570251
10,9,0.7,30,1.3367312363596544,0.5467561666307579,0.5173728370570251
10,9,0.75,1,1.6564147788401467,0.6204250275175659,0.9198335987317094
10,9,0.75,2,1.6867642709805408,0.6157639374824088,0.9198335987317094
10,9,0.75,3,1.6416399269821542,0.6183168634162157,0.9198335987317094
10,9,0.75,4,1.6465441442146047,0.6215602420694263,0.9198335987317094
10,9,0.75,5,1.6684134880000392,0.619239789910079,0.9198335987317094
10,9,0.75,6,1.6826153552569305,0.618923046975544,0.9198335987317094
10,9,0.75,7,1.6549863661886484,0.6184852936621027,0.9198335987317094
10,9,0.75,8,1.6693647338614235,0.6195505211420874,0.9198335987317094
10,9,0.75,9,1.667944891632493,0.6194041605689968,0.9198335987317094
10,9,0.75,10,1.6631934244985342,0.6262376570972746,0.9198335987317094
10,9,0.75,11,1.6951250465579428,0.6228370896874935,0.9198335987317094
10,9,0.75,12,1.66211938776804,0.6226182676920268,0.9198335987317094
10,9,0.75,13,1.6574818913252503,0.6199540916810373,0.9198335987317094
10,9,0.75,14,1.6641508907145084,0.6248619667253267,0.9198335987317094
10,9,0.75,15,1.65942679753452,0.6174783902365288,0.9198335987317094
10,9,0.75,16,1.661767533043994,0.6174523125050744,0.9198335987317094
10,9,0.75,17,1.66439605989243,0.6222036265225035,0.9198335987317094
10,9,0.75,18,1.6858813148039733,0.6237576539855494,0.9198335987317094
10,9,0.75,19,1.6824846358061798,0.6181972307969811,0.9198335987317094
10,9,0.75,20,1.669054326034642,0.6232551988930676,0.9198335987317094
10,9,0.75,21,1.6617860358271745,0.6282515205243006,0.9198335987317094
10,9,0.75,22,1.675706570028866,0.6202862214395576,0.9198335987317094
10,9,0.75,23,1.674852096295076,0.6265840020303034,0.9198335987317094
10,9,0.75,24,1.6655914320120844,0.6244198547155448,0.9198335987317094
10,9,0.75,25,1.6552347324170484,0.6191035394941236,0.9198335987317094
10,9,0.75,26,1.6814495731536812,0.6206140596198368,0.9198335987317094
10,9,0.75,27,1.6538005344201607,0.6162724630874301,0.9198335987317094
10,9,0.75,28,1.6800491952070988,0.6170067407194014,0.9198335987317094
10,9,0.75,29,1.65653254594165,0.6203932457579447,0.9198335987317094
10,9,0.75,30,1.6485875348725063,0.6240537263346367,0.9198335987317094
10,9,0.8,1,2.020270511188753,0.7315462102520738,1.6367201210400761
10,9,0.8,2,2.0149706637903058,0.7396472383053971,1.6367201210400761
10,9,0.8,3,2.008079775613022,0.7196779956327208,1.6367201210400761
10,9,0.8,4,2.0078803605226723,0.7241467287946286,1.6367201210400761
10,9,0.8,5,1.9984291836577928,0.7311505106630898,1.6367201210400761
10,9,0.8,6,2.0374537438132085,0.7284091577288336,1.6367201210400761
10,9,0.8,7,2.004954122666459,0.7185446530595707,1.6367201210400761
10,9,0.8,8,2.016081608771848,0.7290270325101216,1.6367201210400761
10,9,0.8,9,2.0617022861426544,0.7245927220250841,1.6367201210400761
10,9,0.8,10,2.026586215213429,0.7342398341051741,1.6367201210400761
10,9,0.8,11,2.013467084903684,0.725244328888725,1.6367201210400761
10,9,0.8,12,2.0284770913445276,0.7232785836174697,1.6367201210400761
10,9,0.8,13,2.0322700885795513,0.7296386395158301,1.6367201210400761
10,9,0.8,14,1.9942644213454688,0.7208381659225941,1.6367201210400761
10,9,0.8,15,2.010987802750113,0.7332751643816463,1.6367201210400761
10,9,0.8,16,1.9954058942033104,0.7240803411342484,1.6367201210400761
10,9,0.8,17,2.032281218526935,0.7298967524022449,1.6367201210400761
10,9,0.8,18,1.9992314689815696,0.7297551755460103,1.6367201210400761
10,9,0.8,19,2.0174201714416675,0.7248465769861705,1.6367201210400761
10,9,0.8,20,2.0417741101701847,0.7224153486206808,1.6367201210400761
10,9,0.8,21,2.0332056905635216,0.7228665319091709,1.6367201210400761
10,9,0.8,22,2.0427175202369074,0.7326574737928183,1.6367201210400761
10,9,0.8,23,2.047981492189755,0.7302320649977083,1.6367201210400761
10,9,0.8,24,2.0204529270803215,0.741365348286043,1.6367201210400761
10,9,0.8,25,2.021453739902881,0.7220959101232851,1.6367201210400761
10,9,0.8,26,2.0415354059596598,0.7263496593237421,1.6367201210400761
10,9,0.8,27,2.0152737461220083,0.7242707349240227,1.6367201210400761
10,9,0.8,28,2.003724335011689,0.7301037680240474,1.6367201210400761
10,9,0.8,29,2.057651571162997,0.7275928580500632,1.6367201210400761
10,9,0.8,30,2.0127139883609546,0.7232036865623914,1.6367201210400761
10,9,0.85,1,2.3986612035364208,0.8991608884129618,3.00246235338117
10,9,0.85,2,2.42440370771945,0.8959122351729942,3.00246235338117
10,9,0.85,3,2.3775862059678237,0.9293429120300625,3.00246235338117
10,9,0.85,4,2.3912562928198744,0.9066788437504718,3.00246235338117
10,9,0.85,5,2.3977463665574357,0.9123739021861365,3.00246235338117
10,9,0.85,6,2.4066356115649614,0.898549300590985,3.00246235338117
10,9,0.85,7,2.4196795245711415,0.9111205609686165,3.00246235338117
10,9,0.85,8,2.4042947002496913,0.9168198911501191,3.00246235338117
10,9,0.85,9,2.4364297570548668,0.916218481217275,3.00246235338117
10,9,0.85,10,2.3933654588824185,0.8859761210078773,3.00246235338117
10,9,0.85,11,2.402966262185461,0.9070816153332858,3.00246235338117
10,9,0.85,12,2.4288039061735183,0.9122942020300749,3.00246235338117
10,9,0.85,13,2.4041061353715554,0.8892515964394374,3.00246235338117
10,9,0.85,14,2.3757348191042613,0.8966862576046758,3.00246235338117
10,9,0.85,15,2.403230691311775,0.8973666242302636,3.00246235338117
10,9,0.85,16,2.4128039949310294,0.9055729902355006,3.00246235338117
10,9,0.85,17,2.428245824863349,0.9081660279113251,3.00246235338117
10,9,0.85,18,2.4412683732060336,0.9074576187020307,3.00246235338117
10,9,0.85,19,2.4196048168813427,0.9110719586636271,3.00246235338117
10,9,0.85,20,2.4124693459730446,0.9048127621222453,3.00246235338117
10,9,0.85,21,2.3759606516736467,0.894237144343394,3.00246235338117
10,9,0.85,22,2.4148514276007056,0.9025546320503285,3.00246235338117
10,9,0.85,23,2.440337186358213,0.9113304692256643,3.00246235338117
10,9,0.85,24,2.3973094007303017,0.9149084284386662,3.00246235338117
10,9,0.85,25,2.393346947549662,0.9164161609804804,3.00246235338117
10,9,0.85,26,2.403701756616478,0.8918011504003367,3.00246235338117
10,9,0.85,27,2.405536007872073,0.8649716133816545,3.00246235338117
10,9,0.85,28,2.3889743185865475,0.8925324245363537,3.00246235338117
10,9,0.85,29,2.4042871869773688,0.9355001288630751,3.00246235338117
10,9,0.85,30,2.4012051753929415,0.8828528045458779,3.00246235338117
10,9,0.9,1,2.7962951785428793,1.2268446594864313,6.007539488941801
10,9,0.9,2,2.785922873151031,1.2029821569009242,6.007539488941801
10,9,0.9,3,2.7878837847802553,1.2073398637882315,6.007539488941801
10,9,0.9,4,2.7806983235843186,1.221111424955394,6.007539488941801
10,9,0.9,5,2.7885316884014566,1.2679488724216303,6.007539488941801
10,9,0.9,6,2.784571111402215,1.2487147429388001,6.007539488941801
10,9,0.9,7,2.7864734430141,1.257473191435428,6.007539488941801
10,9,0.9,8,2.767483872204221,1.2471585329304662,6.007539488941801
10,9,0.9,9,2.798937304850727,1.3049639756771958,6.007539488941801
10,9,0.9,10,2.8134063640637708,1.2697017509918038,6.007539488941801
10,9,0.9,11,2.8298521809300623,1.233072462677247,6.007539488941801
10,9,0.9,12,2.792568430430627,1.2111613033748179,6.007539488941801
10,9,0.9,13,2.814365931936912,1.2634358356798208,6.007539488941801
10,9,0.9,14,2.803323608760455,1.228589746508387,6.007539488941801
10,9,0.9,15,2.8138343864906643,1.254758150857195,6.007539488941801
10,9,0.9,16,2.794511259522293,1.2593704144729636,6.007539488941801
10,9,0.9,17,2.8070864197299588,1.226929619218109,6.007539488941801
10,9,0.9,18,2.7859518916196047,1.2432550728140348,6.007539488941801
10,9,0.9,19,2.8196085078219295,1.2636928414998931,6.007539488941801
10,9,0.9,20,2.8036409753388485,1.253996144732661,6.007539488941801
10,9,0.9,21,2.8023429241770024,1.2466550845836717,6.007539488941801
10,9,0.9,22,2.8125325868931967,1.2746611566201564,6.007539488941801
10,9,0.9,23,2.8000228914060488,1.27019262748493,6.007539488941801
10,9,0.9,24,2.806467150997081,1.2250357499080935,6.007539488941801
10,9,0.9,25,2.800440415973322,1.2025019937908983,6.007539488941801
10,9,0.9,26,2.786975975604911,1.1985260285740178,6.007539488941801
10,9,0.9,27,2.791860302187223,1.2468816443908128,6.007539488941801
10,9,0.9,28,2.783129161610442,1.2341682841795292,6.007539488941801
10,9,0.9,29,2.8322940659347284,1.2454515648185478,6.007539488941801
10,9,0.9,30,2.8288656540927577,1.226667803438961,6.007539488941801
