adapt_completed,adapt_energy,adapt_safety,adapt_tardy,axis,cost_usd,energy_wh,full_completed,full_energy,full_safety,full_tardy,label,n_stations,policy,rate,seed,tariff
,6391.352536076115,0,,density,,,,5792.88016777008,0,,scarce,2,,,1,
,6209.667432064678,0,,density,,,,5162.613260663169,0,,scarce,2,,,2,
,6684.041900983696,0,,density,,,,5631.395549038111,0,,scarce,2,,,3,
,6551.167604948211,0,,density,,,,5089.666050086446,0,,scarce,2,,,4,
,6312.42196917989,0,,density,,,,5121.762060451746,0,,scarce,2,,,5,
,6381.497871245399,0,,density,,,,4975.552053854905,0,,scarce,2,,,6,
,5829.246713410165,0,,density,,,,4958.734598776057,0,,scarce,2,,,7,
,6016.431610952907,0,,density,,,,5486.809775388299,0,,scarce,2,,,8,
,6109.571231411162,0,,density,,,,4994.8845863322385,0,,scarce,2,,,9,
,6767.179928097839,0,,density,,,,5224.377279104939,0,,scarce,2,,,10,
,6594.402815259043,0,,density,,,,5402.160495879292,0,,scarce,2,,,11,
,5917.441141373539,0,,density,,,,4837.199406450127,0,,scarce,2,,,12,
,6600.562970525108,0,,density,,,,5793.018336903609,0,,scarce,2,,,13,
,6447.595269677919,0,,density,,,,5224.580335159067,0,,scarce,2,,,14,
,6374.968655861884,0,,density,,,,5677.741414057253,0,,scarce,2,,,15,
,5721.03064980468,0,,density,,,,5495.8577187537485,0,,scarce,2,,,16,
,6939.467085762719,0,,density,,,,4899.397588166147,0,,scarce,2,,,17,
,6033.284815575059,0,,density,,,,5570.340638344884,0,,scarce,2,,,18,
,6148.83021675003,0,,density,,,,5299.105129447547,0,,scarce,2,,,19,
,6463.214123701617,0,,density,,,,4617.6420707169045,0,,scarce,2,,,20,
,6199.818808289248,0,,density,,,,5319.053822462279,0,,scarce,2,,,21,
,6499.452769959186,0,,density,,,,5610.661462383935,0,,scarce,2,,,22,
,6194.786912071599,0,,density,,,,5784.890039441997,0,,scarce,2,,,23,
,5756.78373029586,0,,density,,,,4965.616379984847,0,,scarce,2,,,24,
,6213.721817505525,0,,density,,,,5820.614007926168,0,,scarce,2,,,25,
,6181.839790103369,0,,density,,,,5132.150126592751,0,,scarce,2,,,26,
,6268.117334156101,0,,density,,,,5425.677333439595,0,,scarce,2,,,27,
,6282.777530606494,0,,density,,,,5847.649848297258,0,,scarce,2,,,28,
,6707.475696033026,0,,density,,,,5312.697359822758,0,,scarce,2,,,29,
,6140.002980245909,0,,density,,,,4982.799100001721,0,,scarce,2,,,30,
,8157.926955424665,0,,density,,,,7696.430965816935,0,,balanced,5,,,1,
,8762.521125317424,0,,density,,,,7996.684694535291,0,,balanced,5,,,2,
,8585.123235701716,0,,density,,,,7967.29589842706,0,,balanced,5,,,3,
,8553.834009890346,0,,density,,,,8192.570508950688,0,,balanced,5,,,4,
,7847.693344875331,0,,density,,,,7760.564298598776,0,,balanced,5,,,5,
,8697.278474632038,0,,density,,,,8412.895433112439,0,,balanced,5,,,6,
,7451.433987873959,0,,density,,,,7209.332848516656,0,,balanced,5,,,7,
,8142.998060461735,0,,density,,,,7463.930108872734,0,,balanced,5,,,8,
,8214.873887630487,0,,density,,,,8054.078057122645,0,,balanced,5,,,9,
,8844.567501701526,0,,density,,,,7976.503415865461,0,,balanced,5,,,10,
,8253.578081596317,0,,density,,,,7892.8988128236515,0,,balanced,5,,,11,
,7727.2549282330065,0,,density,,,,7278.410459462778,0,,balanced,5,,,12,
,8396.57774600493,0,,density,,,,7711.939841053388,0,,balanced,5,,,13,
,8681.287453802048,0,,density,,,,8335.769145459937,0,,balanced,5,,,14,
,8454.791006334648,0,,density,,,,7848.003261240926,0,,balanced,5,,,15,
,7822.506597358185,0,,density,,,,7445.90412274567,0,,balanced,5,,,16,
,9054.242586087765,0,,density,,,,8653.207440235505,0,,balanced,5,,,17,
,8328.475456336851,0,,density,,,,7988.741960260389,0,,balanced,5,,,18,
,8236.867226601064,0,,density,,,,7821.744605445715,0,,balanced,5,,,19,
,8209.35562372248,0,,density,,,,8144.525099299511,0,,balanced,5,,,20,
,8627.244611152148,0,,density,,,,8243.129825881415,0,,balanced,5,,,21,
,8124.935445309935,0,,density,,,,7643.940823577077,0,,balanced,5,,,22,
,8187.0994315538055,0,,density,,,,7890.056762973135,0,,balanced,5,,,23,
,8325.936697633622,0,,density,,,,7518.339495009718,0,,balanced,5,,,24,
,8210.760327194863,0,,density,,,,7820.602588978441,0,,balanced,5,,,25,
,8173.428302178326,0,,density,,,,7958.136625901028,0,,balanced,5,,,26,
,8136.086793577527,0,,density,,,,7811.750049935549,0,,balanced,5,,,27,
,8044.02336436766,0,,density,,,,7493.955003861026,0,,balanced,5,,,28,
,8996.677516347158,0,,density,,,,8777.153970937006,0,,balanced,5,,,29,
,8202.389797588883,0,,density,,,,8030.657119352291,0,,balanced,5,,,30,
,8341.043940356209,0,,density,,,,7946.374472881132,0,,abundant,10,,,1,
,8289.160037041265,0,,density,,,,8135.060005074137,0,,abundant,10,,,2,
,8803.214297323973,0,,density,,,,8230.884948926092,0,,abundant,10,,,3,
,8821.235392239887,0,,density,,,,8586.39515938596,0,,abundant,10,,,4,
,7982.5315094935,0,,density,,,,7614.875101019717,0,,abundant,10,,,5,
,9048.660224893572,0,,density,,,,8468.954529379549,0,,abundant,10,,,6,
,7447.629901348368,0,,density,,,,7217.258301139579,0,,abundant,10,,,7,
,7859.245852236935,0,,density,,,,7670.657800076612,0,,abundant,10,,,8,
,8251.82800435509,0,,density,,,,7858.050201294458,0,,abundant,10,,,9,
,8610.247991581424,0,,density,,,,8164.657087455472,0,,abundant,10,,,10,
,8319.763854139957,0,,density,,,,8262.655022625266,0,,abundant,10,,,11,
,7745.665151464765,0,,density,,,,7424.821834594385,0,,abundant,10,,,12,
,8439.96911731672,0,,density,,,,7975.768888663209,0,,abundant,10,,,13,
,8749.886666551365,0,,density,,,,8071.1351916457215,0,,abundant,10,,,14,
,8233.555727309264,0,,density,,,,7715.259775550493,0,,abundant,10,,,15,
,8148.040970767035,0,,density,,,,7677.02420858559,0,,abundant,10,,,16,
,8948.83141138872,0,,density,,,,8563.749036958116,0,,abundant,10,,,17,
,8453.037407985717,0,,density,,,,8247.561841647,0,,abundant,10,,,18,
,7971.924110904003,0,,density,,,,7649.51426005048,0,,abundant,10,,,19,
,8463.130540152948,0,,density,,,,8287.562351239148,0,,abundant,10,,,20,
,8492.6279704059,0,,density,,,,8113.675161263172,0,,abundant,10,,,21,
,8335.200917582875,0,,density,,,,7916.928069906827,0,,abundant,10,,,22,
,8419.263994853833,0,,density,,,,7486.415903913241,0,,abundant,10,,,23,
,8073.719903801229,0,,density,,,,7678.566973747777,0,,abundant,10,,,24,
,8174.041791326676,0,,density,,,,8040.965708041107,0,,abundant,10,,,25,
,8138.301989678496,0,,density,,,,7837.456066280868,0,,abundant,10,,,26,
,8315.116152446883,0,,density,,,,7918.084395392759,0,,abundant,10,,,27,
,8208.337045113461,0,,density,,,,7450.510694828286,0,,abundant,10,,,28,
,8937.393412262645,0,,density,,,,8404.910652950759,0,,abundant,10,,,29,
,8119.040899987668,0,,density,,,,7880.380407530508,0,,abundant,10,,,30,
286,2653.589552869886,,0,load,,,286,2745.308028922792,,0,light,,,0.3,1,
306,3084.502600477912,,0,load,,,305,3087.9452059273763,,0,light,,,0.3,2,
307,3025.013470189298,,0,load,,,307,3102.4102351369033,,0,light,,,0.3,3,
303,2948.7483704264077,,0,load,,,303,2901.59591867459,,0,light,,,0.3,4,
293,2886.7886839295816,,0,load,,,293,2821.37757542258,,0,light,,,0.3,5,
331,3285.2305524932617,,0,load,,,331,3244.0807480808326,,0,light,,,0.3,6,
281,2511.3740304810776,,0,load,,,280,2565.247394155431,,0,light,,,0.3,7,
295,2666.200393427873,,0,load,,,295,2825.5581784756564,,0,light,,,0.3,8,
309,3003.508610327959,,0,load,,,309,2876.696757423095,,0,light,,,0.3,9,
329,3167.6814779116607,,0,load,,,329,3139.2080505727436,,0,light,,,0.3,10,
313,2995.1424801444978,,0,load,,,313,3100.22132103052,,0,light,,,0.3,11,
266,2505.430948517086,,0,load,,,266,2514.381575360092,,0,light,,,0.3,12,
274,2586.077137944378,,0,load,,,274,2685.7284992874547,,0,light,,,0.3,13,
311,3002.286124877689,,0,load,,,311,3084.5545205817352,,0,light,,,0.3,14,
306,3062.6083457706063,,0,load,,,305,2950.071757218422,,0,light,,,0.3,15,
285,2583.3565545764695,,0,load,,,285,2677.5943444379586,,0,light,,,0.3,16,
314,3026.2765967199325,,0,load,,,313,3091.5331062717783,,0,light,,,0.3,17,
315,2981.473323403255,,0,load,,,315,3103.22054105783,,0,light,,,0.3,18,
299,3002.9754925103257,,0,load,,,299,2950.600033835345,,0,light,,,0.3,19,
304,3057.9726486649593,,0,load,,,304,3108.895940932777,,0,light,,,0.3,20,
329,3005.6312484702585,,0,load,,,329,2931.08499763012,,0,light,,,0.3,21,
303,2723.4096652217577,,0,load,,,302,2985.204984764664,,0,light,,,0.3,22,
298,2910.5388135520516,,0,load,,,298,2881.147094644159,,0,light,,,0.3,23,
283,2690.99488173961,,0,load,,,283,2682.5392403436563,,0,light,,,0.3,24,
288,2797.935607522524,,0,load,,,288,2589.9490983448713,,0,light,,,0.3,25,
285,2876.211485184213,,0,load,,,284,2806.1361953850032,,0,light,,,0.3,26,
315,3014.3805259053997,,0,load,,,315,3026.322304956806,,0,light,,,0.3,27,
256,2629.058300912142,,0,load,,,256,2691.1747281298303,,0,light,,,0.3,28,
341,3405.0848629356447,,0,load,,,341,3216.0214347177357,,0,light,,,0.3,29,
308,2834.18083827856,,0,load,,,308,3092.2677243344874,,0,light,,,0.3,30,
784,8157.926955424665,,0,load,,,785,7696.430965816935,,0,nominal,,,0.8,1,
809,8762.521125317424,,0,load,,,807,7996.684694535291,,0,nominal,,,0.8,2,
808,8585.123235701716,,0,load,,,808,7967.29589842706,,0,nominal,,,0.8,3,
822,8553.834009890346,,0,load,,,821,8192.570508950688,,0,nominal,,,0.8,4,
760,7847.693344875331,,0,load,,,760,7760.564298598776,,0,nominal,,,0.8,5,
859,8697.278474632038,,0,load,,,859,8412.895433112439,,0,nominal,,,0.8,6,
728,7451.433987873959,,0,load,,,728,7209.332848516656,,0,nominal,,,0.8,7,
777,8142.998060461735,,0,load,,,777,7463.930108872734,,0,nominal,,,0.8,8,
792,8214.873887630487,,0,load,,,791,8054.078057122645,,0,nominal,,,0.8,9,
839,8844.567501701526,,0,load,,,838,7976.503415865461,,0,nominal,,,0.8,10,
794,8253.578081596317,,0,load,,,795,7892.8988128236515,,0,nominal,,,0.8,11,
745,7727.2549282330065,,0,load,,,745,7278.410459462778,,0,nominal,,,0.8,12,
801,8396.57774600493,,0,load,,,800,7711.939841053388,,0,nominal,,,0.8,13,
825,8681.287453802048,,0,load,,,826,8335.769145459937,,0,nominal,,,0.8,14,
787,8454.791006334648,,0,load,,,787,7848.003261240926,,0,nominal,,,0.8,15,
774,7822.506597358185,,0,load,,,773,7445.90412274567,,0,nominal,,,0.8,16,
849,9054.242586087765,,0,load,,,849,8653.207440235505,,0,nominal,,,0.8,17,
811,8328.475456336851,,0,load,,,810,7988.741960260389,,0,nominal,,,0.8,18,
766,8236.867226601064,,0,load,,,766,7821.744605445715,,0,nominal,,,0.8,19,
811,8209.35562372248,,0,load,,,811,8144.525099299511,,0,nominal,,,0.8,20,
820,8627.244611152148,,0,load,,,820,8243.129825881415,,0,nominal,,,0.8,21,
778,8124.935445309935,,0,load,,,778,7643.940823577077,,0,nominal,,,0.8,22,
787,8187.0994315538055,,0,load,,,788,7890.056762973135,,0,nominal,,,0.8,23,
764,8325.936697633622,,0,load,,,764,7518.339495009718,,0,nominal,,,0.8,24,
780,8210.760327194863,,0,load,,,780,7820.602588978441,,0,nominal,,,0.8,25,
776,8173.428302178326,,0,load,,,777,7958.136625901028,,0,nominal,,,0.8,26,
788,8136.086793577527,,0,load,,,786,7811.750049935549,,0,nominal,,,0.8,27,
743,8044.02336436766,,0,load,,,743,7493.955003861026,,0,nominal,,,0.8,28,
864,8996.677516347158,,0,load,,,864,8777.153970937006,,0,nominal,,,0.8,29,
788,8202.389797588883,,0,load,,,788,8030.657119352291,,0,nominal,,,0.8,30,
1585,17445.980071124693,,10,load,,,1226,11799.528506572595,,623,saturated,,,1.6,1,
1606,17636.82816869611,,18,load,,,1468,14416.679240573327,,758,saturated,,,1.6,2,
1609,17704.17869167669,,8,load,,,1220,11879.138229522781,,767,saturated,,,1.6,3,
1607,17993.34167137184,,5,load,,,1118,10763.43531555493,,601,saturated,,,1.6,4,
1563,17649.666245320885,,56,load,,,1105,10825.758724232119,,533,saturated,,,1.6,5,
1651,18291.656921689708,,420,load,,,1185,11011.672952363364,,718,saturated,,,1.6,6,
1532,16774.986606782044,,7,load,,,1390,13387.440484348845,,516,saturated,,,1.6,7,
1542,16533.345316154955,,1,load,,,1378,13143.547990418512,,520,saturated,,,1.6,8,
1565,17740.926887353708,,12,load,,,1293,12447.614277757471,,647,saturated,,,1.6,9,
1586,17051.631557565972,,9,load,,,1193,11524.4641605037,,799,saturated,,,1.6,10,
1598,17580.173159391776,,8,load,,,1218,11804.467372584237,,755,saturated,,,1.6,11,
1553,16918.26486883732,,6,load,,,1180,11301.407342729985,,704,saturated,,,1.6,12,
1563,17320.643916835463,,14,load,,,1205,11335.432943281265,,595,saturated,,,1.6,13,
1591,17362.98869723788,,12,load,,,1275,12550.889323547879,,669,saturated,,,1.6,14,
1587,17456.186023972426,,7,load,,,1387,13679.666732891397,,337,saturated,,,1.6,15,
1542,16549.665414311443,,5,load,,,1301,12774.317434282284,,686,saturated,,,1.6,16,
1607,17601.491220518412,,237,load,,,1282,12394.588499818687,,719,saturated,,,1.6,17,
1557,17647.718311488996,,206,load,,,1366,13349.617625311079,,651,saturated,,,1.6,18,
1535,17131.376315106998,,92,load,,,1356,13465.163435288361,,628,saturated,,,1.6,19,
1595,17593.373541957135,,7,load,,,1184,11494.85525876996,,432,saturated,,,1.6,20,
1561,17170.294303779236,,5,load,,,1512,14717.385600804759,,388,saturated,,,1.6,21,
1624,17931.639305299148,,2,load,,,1157,11277.8567193806,,553,saturated,,,1.6,22,
1570,17565.870973011602,,12,load,,,1291,12456.282949181841,,174,saturated,,,1.6,23,
1572,17822.112828108508,,7,load,,,1226,12078.634473903137,,514,saturated,,,1.6,24,
1555,17001.87936191093,,17,load,,,1406,13917.107602096965,,796,saturated,,,1.6,25,
1564,17516.150971447987,,67,load,,,1077,10550.184045993512,,352,saturated,,,1.6,26,
1573,17625.990510376334,,7,load,,,1378,13695.667570092177,,660,saturated,,,1.6,27,
1508,16811.16797114051,,58,load,,,1228,12242.002430196006,,514,saturated,,,1.6,28,
1677,18961.900174317427,,8,load,,,1328,12882.517998224735,,887,saturated,,,1.6,29,
1514,16572.283433824476,,2,load,,,1296,12885.299920970647,,610,saturated,,,1.6,30,
,,,,tariff,1.1864925640401847,7696.430965816935,,,,,,,full,,1,flat
,,,,tariff,1.2296524293638518,7996.684694535291,,,,,,,full,,2,flat
,,,,tariff,1.2267085773844029,7967.29589842706,,,,,,,full,,3,flat
,,,,tariff,1.253605706628965,8192.570508950688,,,,,,,full,,4,flat
,,,,tariff,1.1784672124243465,7760.564298598776,,,,,,,full,,5,flat
,,,,tariff,1.3020228168522578,8412.895433112439,,,,,,,full,,6,flat
,,,,tariff,1.0934982424110844,7209.332848516656,,,,,,,full,,7,flat
,,,,tariff,1.1436388935282775,7463.930108872734,,,,,,,full,,8,flat
,,,,tariff,1.229156365468594,8054.078057122645,,,,,,,full,,9,flat
,,,,tariff,1.2286024783170209,7976.503415865461,,,,,,,full,,10,flat
,,,,tariff,1.1966245153424901,7892.8988128236515,,,,,,,full,,11,flat
,,,,tariff,1.1104643601638227,7278.410459462778,,,,,,,full,,12,flat
,,,,tariff,1.1842699308830802,7711.939841053388,,,,,,,full,,13,flat
,,,,tariff,1.2899083411554142,8335.769145459937,,,,,,,full,,14,flat
,,,,tariff,1.2189573134363896,7848.003261240926,,,,,,,full,,15,flat
,,,,tariff,1.1487673542868422,7445.90412274567,,,,,,,full,,16,flat
,,,,tariff,1.3109498596492817,8653.207440235505,,,,,,,full,,17,flat
,,,,tariff,1.2344184549851775,7988.741960260389,,,,,,,full,,18,flat
,,,,tariff,1.20280866404116,7821.744605445715,,,,,,,full,,19,flat
,,,,tariff,1.233925110151456,8144.525099299511,,,,,,,full,,20,flat
,,,,tariff,1.2554452407264756,8243.129825881415,,,,,,,full,,21,flat
,,,,tariff,1.1643539035734911,7643.940823577077,,,,,,,full,,22,flat
,,,,tariff,1.2002392395724286,7890.056762973135,,,,,,,full,,23,flat
,,,,tariff,1.1511731006456682,7518.339495009718,,,,,,,full,,24,flat
,,,,tariff,1.2074552898921609,7820.602588978441,,,,,,,full,,25,flat
,,,,tariff,1.2094054628813022,7958.136625901028,,,,,,,full,,26,flat
,,,,tariff,1.1961525223787501,7811.750049935549,,,,,,,full,,27,flat
,,,,tariff,1.1580328652978735,7493.955003861026,,,,,,,full,,28,flat
,,,,tariff,1.3502548409835702,8777.153970937006,,,,,,,full,,29,flat
,,,,tariff,1.2307873075438542,8030.657119352291,,,,,,,full,,30,flat
,,,,tariff,1.2256890433136276,8157.926955424665,,,,,,,adaptive,,1,flat
,,,,tariff,1.318378168797532,8762.521125317424,,,,,,,adaptive,,2,flat
,,,,tariff,1.2927684853551795,8585.123235701716,,,,,,,adaptive,,3,flat
,,,,tariff,1.2875751014834755,8553.834009890346,,,,,,,adaptive,,4,flat
,,,,tariff,1.1836540017312331,7847.693344875331,,,,,,,adaptive,,5,flat
,,,,tariff,1.3085917711947284,8697.278474632038,,,,,,,adaptive,,6,flat
,,,,tariff,1.1177150981810346,7451.433987873959,,,,,,,adaptive,,7,flat
,,,,tariff,1.2249497090691897,8142.998060461735,,,,,,,adaptive,,8,flat
,,,,tariff,1.233231083144501,8214.873887630487,,,,,,,adaptive,,9,flat
,,,,tariff,1.330685125255149,8844.567501701526,,,,,,,adaptive,,10,flat
,,,,tariff,1.2400367122393765,8253.578081596317,,,,,,,adaptive,,11,flat
,,,,tariff,1.1615882392348873,7727.2549282330065,,,,,,,adaptive,,12,flat
,,,,tariff,1.2619866619006657,8396.57774600493,,,,,,,adaptive,,13,flat
,,,,tariff,1.307193118070228,8681.287453802048,,,,,,,adaptive,,14,flat
,,,,tariff,1.2687186509501238,8454.791006334648,,,,,,,adaptive,,15,flat
,,,,tariff,1.174875989603662,7822.506597358185,,,,,,,adaptive,,16,flat
,,,,tariff,1.3616363879130808,9054.242586087765,,,,,,,adaptive,,17,flat
,,,,tariff,1.250771318450454,8328.475456336851,,,,,,,adaptive,,18,flat
,,,,tariff,1.237030083990089,8236.867226601064,,,,,,,adaptive,,19,flat
,,,,tariff,1.236903343558299,8209.35562372248,,,,,,,adaptive,,20,flat
,,,,tariff,1.2995866916727445,8627.244611152148,,,,,,,adaptive,,21,flat
,,,,tariff,1.2212403167964194,8124.935445309935,,,,,,,adaptive,,22,flat
,,,,tariff,1.2315649147330001,8187.0994315538055,,,,,,,adaptive,,23,flat
,,,,tariff,1.2503905046449704,8325.936697633622,,,,,,,adaptive,,24,flat
,,,,tariff,1.231614049079158,8210.760327194863,,,,,,,adaptive,,25,flat
,,,,tariff,1.228014245326678,8173.428302178326,,,,,,,adaptive,,26,flat
,,,,tariff,1.227913019036559,8136.086793577527,,,,,,,adaptive,,27,flat
,,,,tariff,1.2096035046550793,8044.02336436766,,,,,,,adaptive,,28,flat
,,,,tariff,1.35100162745199,8996.677516347158,,,,,,,adaptive,,29,flat
,,,,tariff,1.2303584696382621,8202.389797588883,,,,,,,adaptive,,30,flat
,,,,tariff,0.9667662220552803,7696.430965816935,,,,,,,full,,1,tou
,,,,tariff,0.993540790224638,7996.684694535291,,,,,,,full,,2,tou
,,,,tariff,0.9869814318243751,7967.29589842706,,,,,,,full,,3,tou
,,,,tariff,1.0300964207412315,8192.570508950688,,,,,,,full,,4,tou
,,,,tariff,0.952262560481269,7760.564298598776,,,,,,,full,,5,tou
,,,,tariff,1.063000632833543,8412.895433112439,,,,,,,full,,6,tou
,,,,tariff,0.8898925423885399,7209.332848516656,,,,,,,full,,7,tou
,,,,tariff,0.9324642730024585,7463.930108872734,,,,,,,full,,8,tou
,,,,tariff,0.9988944405992483,8054.078057122645,,,,,,,full,,9,tou
,,,,tariff,0.9887073945741215,7976.503415865461,,,,,,,full,,10,tou
,,,,tariff,0.9528525830612916,7892.8988128236515,,,,,,,full,,11,tou
,,,,tariff,0.9070169459153683,7278.410459462778,,,,,,,full,,12,tou
,,,,tariff,0.9719354926288537,7711.939841053388,,,,,,,full,,13,tou
,,,,tariff,1.0521333853751427,8335.769145459937,,,,,,,full,,14,tou
,,,,tariff,0.9910231587560079,7848.003261240926,,,,,,,full,,15,tou
,,,,tariff,0.9361621431311825,7445.90412274567,,,,,,,full,,16,tou
,,,,tariff,1.0859112923207235,8653.207440235505,,,,,,,full,,17,tou
,,,,tariff,1.0068344333039347,7988.741960260389,,,,,,,full,,18,tou
,,,,tariff,0.9673677592553672,7821.744605445715,,,,,,,full,,19,tou
,,,,tariff,1.0021386574520599,8144.525099299511,,,,,,,full,,20,tou
,,,,tariff,1.0084310538802563,8243.129825881415,,,,,,,full,,21,tou
,,,,tariff,0.9456749127364017,7643.940823577077,,,,,,,full,,22,tou
,,,,tariff,0.993082718607806,7890.056762973135,,,,,,,full,,23,tou
,,,,tariff,0.9352503949924781,7518.339495009718,,,,,,,full,,24,tou
,,,,tariff,0.9819036212385733,7820.602588978441,,,,,,,full,,25,tou
,,,,tariff,0.9940925838634936,7958.136625901028,,,,,,,full,,26,tou
,,,,tariff,0.9631952842029894,7811.750049935549,,,,,,,full,,27,tou
,,,,tariff,0.9593473461956649,7493.955003861026,,,,,,,full,,28,tou
,,,,tariff,1.101996795669977,8777.153970937006,,,,,,,full,,29,tou
,,,,tariff,1.003677051418239,8030.657119352291,,,,,,,full,,30,tou
,,,,tariff,1.0172705569054665,8157.926955424665,,,,,,,adaptive,,1,tou
,,,,tariff,1.0768743899153104,8762.521125317424,,,,,,,adaptive,,2,tou
,,,,tariff,1.067851044162695,8585.123235701716,,,,,,,adaptive,,3,tou
,,,,tariff,1.073077090202673,8553.834009890346,,,,,,,adaptive,,4,tou
,,,,tariff,0.9661694136212216,7847.693344875331,,,,,,,adaptive,,5,tou
,,,,tariff,1.0763960228681375,8697.278474632038,,,,,,,adaptive,,6,tou
,,,,tariff,0.9171461454578468,7451.433987873959,,,,,,,adaptive,,7,tou
,,,,tariff,1.011814537376242,8142.998060461735,,,,,,,adaptive,,8,tou
,,,,tariff,0.9980892213022841,8214.873887630487,,,,,,,adaptive,,9,tou
,,,,tariff,1.0861404612513539,8844.567501701526,,,,,,,adaptive,,10,tou
,,,,tariff,1.0057778775760988,8253.578081596317,,,,,,,adaptive,,11,tou
,,,,tariff,0.9627115953503912,7727.2549282330065,,,,,,,adaptive,,12,tou
,,,,tariff,1.0552452725070312,8396.57774600493,,,,,,,adaptive,,13,tou
,,,,tariff,1.05975950212542,8681.287453802048,,,,,,,adaptive,,14,tou
,,,,tariff,1.0336115791740197,8454.791006334648,,,,,,,adaptive,,15,tou
,,,,tariff,0.9798771497847326,7822.506597358185,,,,,,,adaptive,,16,tou
,,,,tariff,1.133176928784566,9054.242586087765,,,,,,,adaptive,,17,tou
,,,,tariff,1.0161750174040287,8328.475456336851,,,,,,,adaptive,,18,tou
,,,,tariff,1.0108862136254984,8236.867226601064,,,,,,,adaptive,,19,tou
,,,,tariff,1.0237355709667613,8209.35562372248,,,,,,,adaptive,,20,tou
,,,,tariff,1.0614135742308317,8627.244611152148,,,,,,,adaptive,,21,tou
,,,,tariff,0.9989828901289028,8124.935445309935,,,,,,,adaptive,,22,tou
,,,,tariff,1.0153782506971483,8187.0994315538055,,,,,,,adaptive,,23,tou
,,,,tariff,1.0268601973746598,8325.936697633622,,,,,,,adaptive,,24,tou
,,,,tariff,1.0056012377515293,8210.760327194863,,,,,,,adaptive,,25,tou
,,,,tariff,1.017814327828563,8173.428302178326,,,,,,,adaptive,,26,tou
,,,,tariff,1.0024257690885958,8136.086793577527,,,,,,,adaptive,,27,tou
,,,,tariff,0.9988665175353135,8044.02336436766,,,,,,,adaptive,,28,tou
,,,,tariff,1.0884691928888723,8996.677516347158,,,,,,,adaptive,,29,tou
,,,,tariff,1.0117015564007044,8202.389797588883,,,,,,,adaptive,,30,tou
