rho,regime,seed,L_sim,L_d_analytic,L_c_analytic,block_frac,within_window
0.6,R1_fcfs_fixed,1,0.745151273692911,0.7701685135810697,0.3542263983079311,0.01022261429090343,0.595031232679719
0.6,R1_fcfs_fixed,2,0.7578313229294367,0.7701685135810697,0.3542263983079311,0.01181573993467116,0.5910562616709837
0.6,R1_fcfs_fixed,3,0.7653542757579169,0.7701685135810697,0.3542263983079311,0.011648925487045592,0.5898047657037918
0.6,R1_fcfs_fixed,4,0.773771957834399,0.7701685135810697,0.3542263983079311,0.011545938886662808,0.587288956286081
0.6,R1_fcfs_fixed,5,0.7560014574667264,0.7701685135810697,0.3542263983079311,0.01082000326753702,0.591297101286065
0.6,R2_priority_fixed,1,0.745151273692911,0.7701685135810697,0.3542263983079311,0.01022261429090343,0.5855790404002577
0.6,R2_priority_fixed,2,0.7578313229294367,0.7701685135810697,0.3542263983079311,0.01181573993467116,0.5815688813926871
0.6,R2_priority_fixed,3,0.7653542757579169,0.7701685135810697,0.3542263983079311,0.011648925487045592,0.5806301085303991
0.6,R2_priority_fixed,4,0.773771957834399,0.7701685135810697,0.3542263983079311,0.011545938886662808,0.5782729135856224
0.6,R2_priority_fixed,5,0.7560014574667264,0.7701685135810697,0.3542263983079311,0.01082000326753702,0.5815145986771474
0.6,R3a_priority_jsq,1,0.4163119333728596,0.7701685135810697,0.3542263983079311,0.0,0.6646740698543283
0.6,R3a_priority_jsq,2,0.41692980391661366,0.7701685135810697,0.3542263983079311,0.0,0.6626306322377321
0.6,R3a_priority_jsq,3,0.4174134703232764,0.7701685135810697,0.3542263983079311,0.0,0.6643410679921836
0.6,R3a_priority_jsq,4,0.4150054878455049,0.7701685135810697,0.3542263983079311,0.0,0.6633794142309091
0.6,R3a_priority_jsq,5,0.41989754289693504,0.7701685135810697,0.3542263983079311,0.0,0.660960299991848
0.7,R1_fcfs_fixed,1,1.1649049289902447,1.1622888810369043,0.881429071574559,0.02610038805573316,0.501417038260033
0.7,R1_fcfs_fixed,2,1.1770848448491418,1.1622888810369043,0.881429071574559,0.027399430842264715,0.5007657866094879
0.7,R1_fcfs_fixed,3,1.1534219539979085,1.1622888810369043,0.881429071574559,0.0257918638741449,0.5047240015998007
0.7,R1_fcfs_fixed,4,1.1545751607165509,1.1622888810369043,0.881429071574559,0.026134031426919387,0.505627434477089
0.7,R1_fcfs_fixed,5,1.1540755029005572,1.1622888810369043,0.881429071574559,0.02567907524758781,0.5042129965550827
0.7,R2_priority_fixed,1,1.1649049289902447,1.1622888810369043,0.881429071574559,0.02610038805573316,0.4890862053275438
0.7,R2_priority_fixed,2,1.1770848448491418,1.1622888810369043,0.881429071574559,0.027399430842264715,0.48807653955695174
0.7,R2_priority_fixed,3,1.1534219539979085,1.1622888810369043,0.881429071574559,0.0257918638741449,0.49250913001003155
0.7,R2_priority_fixed,4,1.1545751607165509,1.1622888810369043,0.881429071574559,0.026134031426919387,0.4928784408907332
0.7,R2_priority_fixed,5,1.1540755029005572,1.1622888810369043,0.881429071574559,0.02567907524758781,0.49170801221082633
0.7,R3a_priority_jsq,1,0.5741311502318578,1.1622888810369043,0.881429071574559,0.0,0.6204539396016604
0.7,R3a_priority_jsq,2,0.5870910500442128,1.1622888810369043,0.881429071574559,0.0,0.6159021173600656
0.7,R3a_priority_jsq,3,0.5872085807532685,1.1622888810369043,0.881429071574559,0.0,0.6148810545248854
0.7,R3a_priority_jsq,4,0.5838542582085452,1.1622888810369043,0.881429071574559,0.0,0.618263026665567
0.7,R3a_priority_jsq,5,0.580901868105413,1.1622888810369043,0.881429071574559,0.0,0.6168566542268789
0.8,R1_fcfs_fixed,1,1.6308179713226647,1.627566604837445,2.1984498247757425,0.050550677842404405,0.41921883098353685
0.8,R1_fcfs_fixed,2,1.6601486854587832,1.627566604837445,2.1984498247757425,0.052374348163763455,0.4151761930131669
0.8,R1_fcfs_fixed,3,1.6289608903190427,1.627566604837445,2.1984498247757425,0.05002335720959203,0.42023241518601995
0.8,R1_fcfs_fixed,4,1.635270481356447,1.627566604837445,2.1984498247757425,0.050986969996556435,0.4198632782778682
0.8,R1_fcfs_fixed,5,1.6190158068681217,1.627566604837445,2.1984498247757425,0.04832593517878254,0.4210865577882085
0.8,R2_priority_fixed,1,1.6308179713226647,1.627566604837445,2.1984498247757425,0.050550677842404405,0.404019404019404
0.8,R2_priority_fixed,2,1.6601486854587832,1.627566604837445,2.1984498247757425,0.052374348163763455,0.3994742604225822
0.8,R2_priority_fixed,3,1.6289608903190427,1.627566604837445,2.1984498247757425,0.05002335720959203,0.4054913210198168
0.8,R2_priority_fixed,4,1.635270481356447,1.627566604837445,2.1984498247757425,0.050986969996556435,0.40434161701529925
0.8,R2_priority_fixed,5,1.6190158068681217,1.627566604837445,2.1984498247757425,0.04832593517878254,0.4053232072851291
0.8,R3a_priority_jsq,1,0.9285497272254745,1.627566604837445,2.1984498247757425,0.00017109206408777574,0.5309431150120063
0.8,R3a_priority_jsq,2,0.9179313412676589,1.627566604837445,2.1984498247757425,0.00019449414850461784,0.5317448407338858
0.8,R3a_priority_jsq,3,0.9237428002289535,1.627566604837445,2.1984498247757425,0.00016126700254690647,0.5292360744180873
0.8,R3a_priority_jsq,4,0.906231872383831,1.627566604837445,2.1984498247757425,0.00033361690770488246,0.5342744626885596
0.8,R3a_priority_jsq,5,0.9062287459962792,1.627566604837445,2.1984498247757425,0.0001779032984383426,0.5336387951311465
0.9,R1_fcfs_fixed,1,2.1090572462758437,2.1289812655036062,5.8695615372367875,0.0812057524852611,0.35075368249211947
0.9,R1_fcfs_fixed,2,2.1532586498648976,2.1289812655036062,5.8695615372367875,0.08663810971396987,0.3422077886989836
0.9,R1_fcfs_fixed,3,2.1127931045503745,2.1289812655036062,5.8695615372367875,0.08376644891379063,0.3500855512794909
0.9,R1_fcfs_fixed,4,2.0842988248304324,2.1289812655036062,5.8695615372367875,0.08118308098966986,0.3549424865460081
0.9,R1_fcfs_fixed,5,2.1475088958764874,2.1289812655036062,5.8695615372367875,0.0851801508973071,0.3460267039948315
0.9,R2_priority_fixed,1,2.1090572462758437,2.1289812655036062,5.8695615372367875,0.0812057524852611,0.33269967081769314
0.9,R2_priority_fixed,2,2.1532586498648976,2.1289812655036062,5.8695615372367875,0.08663810971396987,0.3241328628629169
0.9,R2_priority_fixed,3,2.1127931045503745,2.1289812655036062,5.8695615372367875,0.08376644891379063,0.3325596834872537
0.9,R2_priority_fixed,4,2.0842988248304324,2.1289812655036062,5.8695615372367875,0.08118308098966986,0.33751302216872414
0.9,R2_priority_fixed,5,2.1475088958764874,2.1289812655036062,5.8695615372367875,0.0851801508973071,0.32789921395499083
0.9,R3a_priority_jsq,1,1.6495494486549724,2.1289812655036062,5.8695615372367875,0.004340436014287474,0.3877224842028175
0.9,R3a_priority_jsq,2,1.643103860708493,2.1289812655036062,5.8695615372367875,0.004119015792861033,0.3920198063117704
0.9,R3a_priority_jsq,3,1.6307067098455446,2.1289812655036062,5.8695615372367875,0.0037351880473982485,0.39210967296016547
0.9,R3a_priority_jsq,4,1.696014024789846,2.1289812655036062,5.8695615372367875,0.005133181932381905,0.38146029859615244
0.9,R3a_priority_jsq,5,1.5913433579773435,2.1289812655036062,5.8695615372367875,0.003936341740151681,0.39686941055387354
1.0,R1_fcfs_fixed,1,2.603940417357874,2.625,13.876289152024444,0.12454457910455709,0.28893699210690404
1.0,R1_fcfs_fixed,2,2.6267181693136994,2.625,13.876289152024444,0.12323849685064589,0.28136749014414664
1.0,R1_fcfs_fixed,3,2.609938496702469,2.625,13.876289152024444,0.1239734638739534,0.2858902387508207
1.0,R1_fcfs_fixed,4,2.628258635462235,2.625,13.876289152024444,0.12609033748805795,0.283725305738476
1.0,R1_fcfs_fixed,5,2.6378770962530202,2.625,13.876289152024444,0.1257280971062722,0.28237954868875786
1.0,R2_priority_fixed,1,2.603940417357874,2.625,13.876289152024444,0.12454457910455709,0.26860859470447784
1.0,R2_priority_fixed,2,2.6267181693136994,2.625,13.876289152024444,0.12323849685064589,0.2608439756254725
1.0,R2_priority_fixed,3,2.609938496702469,2.625,13.876289152024444,0.1239734638739534,0.26556766303103096
1.0,R2_priority_fixed,4,2.628258635462235,2.625,13.876289152024444,0.12609033748805795,0.2633139254023544
1.0,R2_priority_fixed,5,2.6378770962530202,2.625,13.876289152024444,0.1257280971062722,0.2618316731042895
1.0,R3a_priority_jsq,1,3.0824620580095092,2.625,13.876289152024444,0.03318896275061461,0.19195846569104497
1.0,R3a_priority_jsq,2,3.090938182127359,2.625,13.876289152024444,0.03401203454937052,0.190249374724143
1.0,R3a_priority_jsq,3,3.078443031612001,2.625,13.876289152024444,0.032892744535689473,0.19086191096764094
1.0,R3a_priority_jsq,4,3.127473004153165,2.625,13.876289152024444,0.03290583867701654,0.1860902946146499
1.0,R3a_priority_jsq,5,3.0830926544112787,2.625,13.876289152024444,0.03165999493511167,0.19189170586210852
1.1,R1_fcfs_fixed,1,3.0968295686666893,3.0829654235598953,21.45782655511549,0.16987048838269897,0.2273602427094779
1.1,R1_fcfs_fixed,2,3.0845480563494285,3.0829654235598953,21.45782655511549,0.17202926746401226,0.2316610239047912
1.1,R1_fcfs_fixed,3,3.0944195068906177,3.0829654235598953,21.45782655511549,0.17022861213651966,0.22809850428809772
1.1,R1_fcfs_fixed,4,3.116060499754541,3.0829654235598953,21.45782655511549,0.1712883554429113,0.22599136965351985
1.1,R1_fcfs_fixed,5,3.092412466029472,3.0829654235598953,21.45782655511549,0.16921273844164242,0.22877158842130868
1.1,R2_priority_fixed,1,3.0968295686666893,3.0829654235598953,21.45782655511549,0.16987048838269897,0.20501949649452056
1.1,R2_priority_fixed,2,3.0845480563494285,3.0829654235598953,21.45782655511549,0.17202926746401226,0.20951501560919844
1.1,R2_priority_fixed,3,3.0944195068906177,3.0829654235598953,21.45782655511549,0.17022861213651966,0.20550183914999073
1.1,R2_priority_fixed,4,3.116060499754541,3.0829654235598953,21.45782655511549,0.1712883554429113,0.2040599643486816
1.1,R2_priority_fixed,5,3.092412466029472,3.0829654235598953,21.45782655511549,0.16921273844164242,0.20698613476039893
1.1,R3a_priority_jsq,1,4.335099464561526,3.0829654235598953,21.45782655511549,0.09132617763554492,0.06765939634673103
1.1,R3a_priority_jsq,2,4.403104533670822,3.0829654235598953,21.45782655511549,0.09806292951069656,0.06544818461124442
1.1,R3a_priority_jsq,3,4.3425315092471966,3.0829654235598953,21.45782655511549,0.09426820183961652,0.07015206915973073
1.1,R3a_priority_jsq,4,4.418814760563107,3.0829654235598953,21.45782655511549,0.10103534020336032,0.06334823370113479
1.1,R3a_priority_jsq,5,4.403635380183595,3.0829654235598953,21.45782655511549,0.09702006055405339,0.06233328401902636
1.2,R1_fcfs_fixed,1,3.4883155476557475,3.484986318756301,25.077853750900168,0.2160803462434802,0.18691156552475968
1.2,R1_fcfs_fixed,2,3.489133559952145,3.484986318756301,25.077853750900168,0.21727073271237596,0.18759131012237928
1.2,R1_fcfs_fixed,3,3.4796036620650623,3.484986318756301,25.077853750900168,0.21785805666905228,0.18872800030344408
1.2,R1_fcfs_fixed,4,3.4590808449178234,3.484986318756301,25.077853750900168,0.2160566004818168,0.19119798843635022
1.2,R1_fcfs_fixed,5,3.4900410098160415,3.484986318756301,25.077853750900168,0.21722906180102453,0.1865400381970608
1.2,R2_priority_fixed,1,3.4883155476557475,3.484986318756301,25.077853750900168,0.2160803462434802,0.16341901961802197
1.2,R2_priority_fixed,2,3.489133559952145,3.484986318756301,25.077853750900168,0.21727073271237596,0.16434873351674414
1.2,R2_priority_fixed,3,3.4796036620650623,3.484986318756301,25.077853750900168,0.21785805666905228,0.16633477469276287
1.2,R2_priority_fixed,4,3.4590808449178234,3.484986318756301,25.077853750900168,0.2160566004818168,0.16805174756959734
1.2,R2_priority_fixed,5,3.4900410098160415,3.484986318756301,25.077853750900168,0.21722906180102453,0.16371184440621578
1.2,R3a_priority_jsq,1,5.045757012347402,3.484986318756301,25.077853750900168,0.16919010830591802,0.02229518991622063
1.2,R3a_priority_jsq,2,5.0452584910149385,3.484986318756301,25.077853750900168,0.17027674373767185,0.022607832972847363
1.2,R3a_priority_jsq,3,5.032836795569234,3.484986318756301,25.077853750900168,0.1665362434402062,0.0239292580461407
1.2,R3a_priority_jsq,4,5.028815237019691,3.484986318756301,25.077853750900168,0.16799923007447548,0.024615110794696093
1.2,R3a_priority_jsq,5,5.024822264875194,3.484986318756301,25.077853750900168,0.16948511414712294,0.02311986423722758
