rho,seed,L_r1,L_r3a,L_c_analytic
0.55,1,0.6173902978815629,0.36004234108322003,0.21848493009710823
0.55,2,0.6118790902562242,0.3544237873481073,0.21848493009710823
0.55,3,0.6109213527773865,0.35547259921938296,0.21848493009710823
0.55,4,0.6145976088192672,0.3619719401223493,0.21848493009710823
0.55,5,0.6107470160356827,0.3583851212259761,0.21848493009710823
0.55,6,0.6192673346759489,0.3546738797593866,0.21848493009710823
0.55,7,0.6114859419783777,0.3536006741277435,0.21848493009710823
0.55,8,0.6113621607634143,0.3614151242427764,0.21848493009710823
0.55,9,0.6055949287760656,0.35498897510310007,0.21848493009710823
0.55,10,0.6194818163048397,0.36255463689953177,0.21848493009710823
0.55,11,0.6094084487756101,0.3603092806703394,0.21848493009710823
0.55,12,0.603875104750039,0.3629134975411759,0.21848493009710823
0.55,13,0.5899047275214601,0.36125395181091724,0.21848493009710823
0.55,14,0.6121197458499825,0.36265790673101683,0.21848493009710823
0.55,15,0.5972241400688363,0.3568899043650299,0.21848493009710823
0.55,16,0.606837844950268,0.35590635890265354,0.21848493009710823
0.55,17,0.615823067408152,0.35527150807560054,0.21848493009710823
0.55,18,0.6207432963346011,0.3634519911523516,0.21848493009710823
0.55,19,0.6002625601881655,0.3556408911896585,0.21848493009710823
0.55,20,0.61936649489443,0.3600114319782378,0.21848493009710823
0.55,21,0.6139117224436338,0.35964785374761377,0.21848493009710823
0.55,22,0.600146447507081,0.3553801722321799,0.21848493009710823
0.55,23,0.5887975321306835,0.36331524917465957,0.21848493009710823
0.55,24,0.6041030143202388,0.3584564212290501,0.21848493009710823
0.55,25,0.5819703769743453,0.35430154344399434,0.21848493009710823
0.55,26,0.6123197949497262,0.3599413801827192,0.21848493009710823
0.55,27,0.6043903089267123,0.3515583756945708,0.21848493009710823
0.55,28,0.5996134087228631,0.3623759819561083,0.21848493009710823
0.55,29,0.6159140737491355,0.36106161412073196,0.21848493009710823
0.55,30,0.6173814818020736,0.3629606599804726,0.21848493009710823
0.6,1,0.745151273692911,0.4163119333728596,0.3542263983079311
0.6,2,0.7578313229294367,0.41692980391661366,0.3542263983079311
0.6,3,0.7653542757579169,0.4174134703232764,0.3542263983079311
0.6,4,0.773771957834399,0.4150054878455049,0.3542263983079311
0.6,5,0.7560014574667264,0.41989754289693504,0.3542263983079311
0.6,6,0.7655818876154157,0.41460567400560056,0.3542263983079311
0.6,7,0.7643809361279774,0.41650243868801534,0.3542263983079311
0.6,8,0.7820304888652369,0.41636722449144337,0.3542263983079311
0.6,9,0.7600731133229105,0.4217882199772795,0.3542263983079311
0.6,10,0.7812546526865043,0.4204165535534307,0.3542263983079311
0.6,11,0.777115972590751,0.4159382120857855,0.3542263983079311
0.6,12,0.7792141216933425,0.41525427462909975,0.3542263983079311
0.6,13,0.7843964216928546,0.41700117297086103,0.3542263983079311
0.6,14,0.77329410950694,0.41181524857629376,0.3542263983079311
0.6,15,0.7580162246354263,0.4111887205764524,0.3542263983079311
0.6,16,0.7607284879573246,0.4126320165653146,0.3542263983079311
0.6,17,0.7659156868333665,0.42205109378076233,0.3542263983079311
0.6,18,0.7719445386883669,0.4185656606955351,0.3542263983079311
0.6,19,0.7874458404124638,0.4151784802817532,0.3542263983079311
0.6,20,0.7740896087198563,0.41588056035997284,0.3542263983079311
0.6,21,0.7748312527329315,0.41684036765906285,0.3542263983079311
0.6,22,0.7755156936681806,0.42229169650766074,0.3542263983079311
0.6,23,0.7729211297332269,0.42078131062398133,0.3542263983079311
0.6,24,0.762221737077265,0.4166861687612015,0.3542263983079311
0.6,25,0.7566289077768154,0.4196836932295594,0.3542263983079311
0.6,26,0.770465768729475,0.41345958127666,0.3542263983079311
0.6,27,0.7698619037041842,0.41738819953365625,0.3542263983079311
0.6,28,0.7578267016550009,0.41137608454750696,0.3542263983079311
0.6,29,0.7649118335619423,0.41408222026696767,0.3542263983079311
0.6,30,0.7633621503176089,0.4110707083840367,0.3542263983079311
0.65,1,0.9578928188891211,0.48741451148822723,0.5618667512811468
0.65,2,0.9626811693206196,0.49838988658523925,0.5618667512811468
0.65,3,0.9376436533999153,0.4827553190440246,0.5618667512811468
0.65,4,0.9508371077462693,0.4962201868531964,0.5618667512811468
0.65,5,0.957090841556464,0.4890639701099969,0.5618667512811468
0.65,6,0.9419056911801583,0.48738439492027047,0.5618667512811468
0.65,7,0.9589571110694719,0.4854317449634687,0.5618667512811468
0.65,8,0.9657930737446346,0.4872320393121651,0.5618667512811468
0.65,9,0.981966714362304,0.4856061919418104,0.5618667512811468
0.65,10,0.9548504975317244,0.48848058127903904,0.5618667512811468
0.65,11,0.9583034198780596,0.4933048559085318,0.5618667512811468
0.65,12,0.9355176722238102,0.48064726504382893,0.5618667512811468
0.65,13,0.9473102285951132,0.48511883553332363,0.5618667512811468
0.65,14,0.9508926783737724,0.4842934606887573,0.5618667512811468
0.65,15,0.945920419668132,0.48823904419344355,0.5618667512811468
0.65,16,0.9577073362756556,0.4865206678533621,0.5618667512811468
0.65,17,0.954132070470316,0.4877570947261904,0.5618667512811468
0.65,18,0.9511751385921137,0.49636763493237324,0.5618667512811468
0.65,19,0.9227675643374826,0.4973860299180222,0.5618667512811468
0.65,20,0.9718480747425484,0.4885057878866218,0.5618667512811468
0.65,21,0.9492764645493599,0.49720962823119647,0.5618667512811468
0.65,22,0.9605625364318799,0.4922896700335161,0.5618667512811468
0.65,23,0.9630073419307257,0.4962505659142096,0.5618667512811468
0.65,24,0.9696270921916232,0.5049728210295743,0.5618667512811468
0.65,25,0.941767788513709,0.48002503214231806,0.5618667512811468
0.65,26,0.9728151293693035,0.4888948272642068,0.5618667512811468
0.65,27,0.9249905599919709,0.48721549868638564,0.5618667512811468
0.65,28,0.952132030870535,0.4891513722146656,0.5618667512811468
0.65,29,0.9602848691962823,0.49181113579929947,0.5618667512811468
0.65,30,0.9471915560760232,0.48692276325382816,0.5618667512811468
0.7,1,1.1649049289902447,0.5741311502318578,0.881429071574559
0.7,2,1.1770848448491418,0.5870910500442128,0.881429071574559
0.7,3,1.1534219539979085,0.5872085807532685,0.881429071574559
0.7,4,1.1545751607165509,0.5838542582085452,0.881429071574559
0.7,5,1.1540755029005572,0.580901868105413,0.881429071574559
0.7,6,1.166778566860078,0.5880352076068511,0.881429071574559
0.7,7,1.1921155309375044,0.573610453303389,0.881429071574559
0.7,8,1.1503485603570558,0.5858111128001179,0.881429071574559
0.7,9,1.167846545057412,0.5856770767512557,0.881429071574559
0.7,10,1.1695454072084124,0.582182772951712,0.881429071574559
0.7,11,1.173318313176697,0.5817045961036607,0.881429071574559
0.7,12,1.1657172953214907,0.5849975854282521,0.881429071574559
0.7,13,1.1926533127156498,0.5817136930021561,0.881429071574559
0.7,14,1.17120805470676,0.5751345630765698,0.881429071574559
0.7,15,1.1663656343682836,0.5775562504376267,0.881429071574559
0.7,16,1.1670740157183912,0.5827800575710825,0.881429071574559
0.7,17,1.1601429525930056,0.5797387777018683,0.881429071574559
0.7,18,1.1621961260711156,0.5937578806453069,0.881429071574559
0.7,19,1.1722764366841798,0.5817608938553137,0.881429071574559
0.7,20,1.1479137441873002,0.5860517392892759,0.881429071574559
0.7,21,1.1645501721774831,0.5894220526657057,0.881429071574559
0.7,22,1.159395931837902,0.5853577769040299,0.881429071574559
0.7,23,1.1706339240744295,0.5951378212864429,0.881429071574559
0.7,24,1.1503421728977326,0.58422105458083,0.881429071574559
0.7,25,1.1762552457982702,0.5832280484130565,0.881429071574559
0.7,26,1.1698127665939615,0.5874329591312165,0.881429071574559
0.7,27,1.1608099558475682,0.5777512540856113,0.881429071574559
0.7,28,1.1620666451419963,0.5845467284767756,0.881429071574559
0.7,29,1.1536402360425135,0.5857922558319055,0.881429071574559
0.7,30,1.169350625152425,0.5755984293015617,0.881429071574559
0.75,1,1.3678986082353337,0.7024417191095035,1.3833495232787185
0.75,2,1.3999907028336611,0.7140578465641567,1.3833495232787185
0.75,3,1.380695783035398,0.6951691487832289,1.3833495232787185
0.75,4,1.3809220274702907,0.7087116274634451,1.3833495232787185
0.75,5,1.4129838591291919,0.7258096914686613,1.3833495232787185
0.75,6,1.3811861272928891,0.7109746852462387,1.3833495232787185
0.75,7,1.3840101389765453,0.7085668179916076,1.3833495232787185
0.75,8,1.3732516888171973,0.7190706117652803,1.3833495232787185
0.75,9,1.3784002499690353,0.7138954667217917,1.3833495232787185
0.75,10,1.3752198629244654,0.7051995180598266,1.3833495232787185
0.75,11,1.390682287736635,0.7186616097235456,1.3833495232787185
0.75,12,1.3880195884894477,0.688282243029016,1.3833495232787185
0.75,13,1.4073378416028315,0.7119793680701353,1.3833495232787185
0.75,14,1.383067083780685,0.7026665422000555,1.3833495232787185
0.75,15,1.3684770488066778,0.7127611484731446,1.3833495232787185
0.75,16,1.3735994127665716,0.7370869159531853,1.3833495232787185
0.75,17,1.4056755990817993,0.7309340023954715,1.3833495232787185
0.75,18,1.3892320293838567,0.7000390223706889,1.3833495232787185
0.75,19,1.3750306936784455,0.7035131575505805,1.3833495232787185
0.75,20,1.3939753413274933,0.7369471620492729,1.3833495232787185
0.75,21,1.3960998569496637,0.7154506421813861,1.3833495232787185
0.75,22,1.400003654768796,0.7363398757893573,1.3833495232787185
0.75,23,1.4138184075912785,0.7166113125390855,1.3833495232787185
0.75,24,1.4127011561165976,0.7085957499738872,1.3833495232787185
0.75,25,1.3745269908412143,0.7181736909479788,1.3833495232787185
0.75,26,1.4011162616579762,0.7061435301912256,1.3833495232787185
0.75,27,1.3643268591716278,0.704771594303155,1.3833495232787185
0.75,28,1.3852902997029273,0.7135951244536486,1.3833495232787185
0.75,29,1.3886303711840118,0.7020244294113019,1.3833495232787185
0.75,30,1.4119328856725117,0.7039795153239279,1.3833495232787185
0.8,1,1.6308179713226647,0.9285497272254745,2.1984498247757425
0.8,2,1.6601486854587832,0.9179313412676589,2.1984498247757425
0.8,3,1.6289608903190427,0.9237428002289535,2.1984498247757425
0.8,4,1.635270481356447,0.906231872383831,2.1984498247757425
0.8,5,1.6190158068681217,0.9062287459962792,2.1984498247757425
0.8,6,1.6421498138775283,0.8941764881301977,2.1984498247757425
0.8,7,1.6370278351577,0.8945395193683885,2.1984498247757425
0.8,8,1.643238456777977,0.9106412062503428,2.1984498247757425
0.8,9,1.6378695578781275,0.9105573857460569,2.1984498247757425
0.8,10,1.6488170038746055,0.8887881107471756,2.1984498247757425
0.8,11,1.6092410159366608,0.9399333863162447,2.1984498247757425
0.8,12,1.6448816262408652,0.8803121995753586,2.1984498247757425
0.8,13,1.6477018960355316,0.907791118764071,2.1984498247757425
0.8,14,1.6318193500660307,0.9034366178016159,2.1984498247757425
0.8,15,1.6142074367972756,0.9001656135399283,2.1984498247757425
0.8,16,1.6263433183052107,0.9221150607028067,2.1984498247757425
0.8,17,1.6254053325628448,0.9088831081763397,2.1984498247757425
0.8,18,1.649105642432002,0.8807890229486383,2.1984498247757425
0.8,19,1.6013268177665705,0.8998100362610737,2.1984498247757425
0.8,20,1.6451049151270585,0.9148210751647671,2.1984498247757425
0.8,21,1.6393954341999162,0.9195199978394222,2.1984498247757425
0.8,22,1.6093064587004924,0.9362787468198297,2.1984498247757425
0.8,23,1.6313528950632943,0.9442245786117486,2.1984498247757425
0.8,24,1.659592294656671,0.913825592411629,2.1984498247757425
0.8,25,1.6259109354438332,0.895911047249372,2.1984498247757425
0.8,26,1.6467838254187317,0.9026530808019606,2.1984498247757425
0.8,27,1.6377444745609442,0.930215599487189,2.1984498247757425
0.8,28,1.6365026964026825,0.9366196513784226,2.1984498247757425
0.8,29,1.6387630700319729,0.8880989131983948,2.1984498247757425
0.8,30,1.638641761758733,0.8794085171474559,2.1984498247757425
