n,m,rho,seed,L_r1,L_r3a,t_r1,t_r3a,block_r1,block_r3a,L_c_analytic,t_c_analytic
4,6,0.55,1,0.5679747795251343,0.11336642739187754,2.288619974494971,0.4529532775767163,0.011656090030472781,0.0,0.277181036156087,0.2771812176538617
4,6,0.55,2,0.568650473943752,0.11844200164735412,2.309274379868856,0.47328038437521175,0.01293862757405795,0.0,0.277181036156087,0.2771812176538617
4,6,0.55,3,0.5679941969425687,0.12113319858473126,2.3058698264884363,0.4862845422474881,0.011333340091437145,0.0,0.277181036156087,0.2771812176538617
4,6,0.55,4,0.5651687600244372,0.12141704067931952,2.2925569730433675,0.48480628487749594,0.01248305581969369,0.0,0.277181036156087,0.2771812176538617
4,6,0.55,5,0.5756177346833916,0.1171099651344988,2.327641390665748,0.4691601872901983,0.012475417275982049,0.0,0.277181036156087,0.2771812176538617
4,6,0.55,6,0.5617400507736936,0.11844099346537884,2.2821994293840326,0.47484797023801834,0.011941690489224095,0.0,0.277181036156087,0.2771812176538617
4,6,0.55,7,0.5672742610387258,0.12148288039695265,2.2928589832155084,0.4836726994367688,0.012777106005642885,0.0,0.277181036156087,0.2771812176538617
4,6,0.55,8,0.5672402937649562,0.11613250996386014,2.3067568750662955,0.46435469957837056,0.011844348814550178,0.0,0.277181036156087,0.2771812176538617
4,6,0.55,9,0.5666208718763567,0.1267583694841106,2.2916704501230383,0.5026337344479103,0.01238714883744389,0.0,0.277181036156087,0.2771812176538617
4,6,0.55,10,0.5606407245019145,0.12419727884091153,2.2759602245466537,0.49681713260172744,0.012123237724842003,0.0,0.277181036156087,0.2771812176538617
4,6,0.55,11,0.5664296093825444,0.11533755137562408,2.295729011791717,0.46287910922691256,0.011943166304292865,0.0,0.277181036156087,0.2771812176538617
4,6,0.55,12,0.5812093758513416,0.11847633448781855,2.3501259711006686,0.4757362015146792,0.012015132408575031,0.0,0.277181036156087,0.2771812176538617
4,6,0.55,13,0.5676647186488002,0.12004391655770398,2.2958351653743168,0.4803484745394092,0.013381161581556568,0.0,0.277181036156087,0.2771812176538617
4,6,0.55,14,0.5654531505198728,0.11880439668108148,2.2931590779055253,0.4760551790234074,0.012379642365887207,0.0,0.277181036156087,0.2771812176538617
4,6,0.55,15,0.5637982811357198,0.12057688921093591,2.2869295150744193,0.4791759724580833,0.012172909962965212,0.0,0.277181036156087,0.2771812176538617
4,6,0.55,16,0.571295416190212,0.1196936171834773,2.3082579380458363,0.4789361928872387,0.0121765601217656,0.0,0.277181036156087,0.2771812176538617
4,6,0.55,17,0.5736088033859897,0.11328913976354602,2.3141100535957957,0.4525851132041788,0.012517105369073493,0.0,0.277181036156087,0.2771812176538617
4,6,0.55,18,0.5670907818127426,0.12208627622582718,2.29653119163043,0.48713955751350263,0.012911366848374722,0.0,0.277181036156087,0.2771812176538617
4,6,0.55,19,0.5560549111106305,0.11747834112520149,2.264374629787404,0.47013180958404704,0.012510789540492511,0.0,0.277181036156087,0.2771812176538617
4,6,0.55,20,0.5675141526056168,0.1199106216716234,2.3032796748228956,0.48039947980618825,0.011748977028724223,0.0,0.277181036156087,0.2771812176538617
4,6,0.55,21,0.5676387955561596,0.11904713346787939,2.3108185994954296,0.47788284577928053,0.013108101252980267,0.0,0.277181036156087,0.2771812176538617
4,6,0.55,22,0.569490179373349,0.11576868211678663,2.302535176463908,0.46195524218109435,0.01287090791807773,0.0,0.277181036156087,0.2771812176538617
4,6,0.55,23,0.5769580005201356,0.11513150881389556,2.3267360841782945,0.4622436722048322,0.01276869558223241,0.0,0.277181036156087,0.2771812176538617
4,6,0.55,24,0.5758701649601489,0.11837791905162091,2.3412796267575073,0.4741150954188349,0.013351567644228334,0.0,0.277181036156087,0.2771812176538617
4,6,0.55,25,0.5727940231376948,0.11752995951877113,2.3159697405667767,0.46872785837445735,0.012173965666794424,0.0,0.277181036156087,0.2771812176538617
4,6,0.55,26,0.5755474565702887,0.11239620719993003,2.3254616827830956,0.45228461433606015,0.012841948350187342,0.0,0.277181036156087,0.2771812176538617
4,6,0.55,27,0.5694011276689271,0.1164176563540685,2.3207871344022757,0.4677779888813354,0.01236174365647365,0.0,0.277181036156087,0.2771812176538617
4,6,0.55,28,0.5787381657691265,0.12200489741928901,2.337110261056004,0.48703076962972597,0.012869572222669781,0.0,0.277181036156087,0.2771812176538617
4,6,0.55,29,0.571573972981964,0.12306709205244434,2.3146006176955183,0.4896814651162843,0.012453664892381347,0.0,0.277181036156087,0.2771812176538617
4,6,0.55,30,0.5832751897893813,0.11172672687458368,2.3547357216267617,0.4514810029116722,0.011538500297280138,0.0,0.277181036156087,0.2771812176538617
4,6,0.6,1,0.7163018864172895,0.17321304525491354,2.910570279493454,0.6898754960090964,0.01904498269896194,0.0,0.4304258152047016,0.43042762210884755
4,6,0.6,2,0.7120525185603689,0.17334352368748338,2.9094430752606613,0.69254688596947,0.01957565978597526,0.0,0.4304258152047016,0.43042762210884755
4,6,0.6,3,0.6978534988429087,0.1648794603183384,2.862332894384865,0.6649603027464612,0.019513103384071126,0.0,0.4304258152047016,0.43042762210884755
4,6,0.6,4,0.706375033973793,0.1701257447812161,2.8930922445996896,0.6828794880752395,0.019807041677510503,0.0,0.4304258152047016,0.43042762210884755
4,6,0.6,5,0.7190629659653042,0.17388426652703315,2.9255938007087394,0.6956594506411157,0.019992800376595687,0.0,0.4304258152047016,0.43042762210884755
4,6,0.6,6,0.7237404461010962,0.1672436322654592,2.9405444523375706,0.6699670728735013,0.02036322089026896,0.0,0.4304258152047016,0.43042762210884755
4,6,0.6,7,0.711060954597566,0.17273657709042933,2.8914924374253275,0.6875952418597541,0.018895805242062098,0.0,0.4304258152047016,0.43042762210884755
4,6,0.6,8,0.6961168065966413,0.17161261217929835,2.8332000298637934,0.6882155942691616,0.018049940326952788,0.0,0.4304258152047016,0.43042762210884755
4,6,0.6,9,0.722417623132893,0.1789685620762737,2.936216197525228,0.7097884693916076,0.02080281547405176,0.0,0.4304258152047016,0.43042762210884755
4,6,0.6,10,0.7153498070597124,0.17270552428949415,2.9203142363828944,0.6934804388401973,0.019441226891535004,0.0,0.4304258152047016,0.43042762210884755
4,6,0.6,11,0.7198669942996359,0.1736031419144082,2.9272560834893366,0.6972811251045555,0.01981860623898582,0.0,0.4304258152047016,0.43042762210884755
4,6,0.6,12,0.7109890328090614,0.1736243556520895,2.8910698623260256,0.6966041989318582,0.017860444477313907,0.0,0.4304258152047016,0.43042762210884755
4,6,0.6,13,0.7106331574753287,0.16484926817717657,2.8899779898541484,0.6592063470909637,0.0187070430862464,0.0,0.4304258152047016,0.43042762210884755
4,6,0.6,14,0.7157505337982104,0.17937343685880247,2.926320518930336,0.7150148566302489,0.020014839547393803,0.0,0.4304258152047016,0.43042762210884755
4,6,0.6,15,0.7025331892795,0.17920240062314358,2.859532136445275,0.7130988473793594,0.01774424954875735,0.0,0.4304258152047016,0.43042762210884755
4,6,0.6,16,0.6977298088936207,0.17984955340033462,2.8554988628403155,0.7197432017653053,0.0191519611942795,0.0,0.4304258152047016,0.43042762210884755
4,6,0.6,17,0.7205844470533922,0.15876344017736577,2.929207072433637,0.6360077723680151,0.01903460753814768,0.0,0.4304258152047016,0.43042762210884755
4,6,0.6,18,0.7254570760746352,0.18079269320263747,2.9405385511655346,0.7194072073277703,0.019855977486135764,0.0,0.4304258152047016,0.43042762210884755
4,6,0.6,19,0.724123607131069,0.16902272983144428,2.949338185304775,0.6761405521920186,0.020021620023467888,0.0,0.4304258152047016,0.43042762210884755
4,6,0.6,20,0.708357727143226,0.1740292739160435,2.8912068656980376,0.6969768381614864,0.018909549322407817,0.0,0.4304258152047016,0.43042762210884755
4,6,0.6,21,0.7145511665108597,0.1783886720674909,2.922741064815705,0.7135524073216896,0.01842971058941616,0.0,0.4304258152047016,0.43042762210884755
4,6,0.6,22,0.7036749128622631,0.18401341441072788,2.8710872455912444,0.731704083369548,0.01841309870385136,0.0,0.4304258152047016,0.43042762210884755
4,6,0.6,23,0.7064033531198305,0.1740273524406893,2.8782653286447615,0.6974138319298853,0.019315806027863605,9.276523900963831e-06,0.4304258152047016,0.43042762210884755
4,6,0.6,24,0.7017060279532062,0.1677185830892711,2.8707277583872544,0.6722722182509903,0.019008686765457333,0.0,0.4304258152047016,0.43042762210884755
4,6,0.6,25,0.708017080769196,0.1740902020676601,2.87784719233107,0.6959754458895466,0.019167766406113014,0.0,0.4304258152047016,0.43042762210884755
4,6,0.6,26,0.7072859330494945,0.17602093376341948,2.8752793833480257,0.7025095931874616,0.018929949951059153,0.0,0.4304258152047016,0.43042762210884755
4,6,0.6,27,0.7172697218157869,0.16789093245339543,2.9288727531010723,0.6739577634431733,0.01989976005410363,0.0,0.4304258152047016,0.43042762210884755
4,6,0.6,28,0.7052781294064324,0.17902566121766317,2.8712796934284683,0.7153806403354991,0.01975999778288945,0.0,0.4304258152047016,0.43042762210884755
4,6,0.6,29,0.7064504807115174,0.1724295765870543,2.882265828578757,0.6907657474519507,0.019982599681611195,0.0,0.4304258152047016,0.43042762210884755
4,6,0.6,30,0.7080940282579882,0.1676994579768646,2.8930000228950217,0.6756525203872781,0.01959238928862844,0.0,0.4304258152047016,0.43042762210884755
4,6,0.65,1,0.8726491130243876,0.24254053049124927,3.586241516722308,0.9661900074897616,0.027075750585259992,4.255826226103536e-05,0.6572831169092059,0.6572978955587991
4,6,0.65,2,0.8605034798956467,0.2506647978313936,3.5441280345626485,1.0027509725380472,0.027299108862579934,1.7095624374941233e-05,0.6572831169092059,0.6572978955587991
4,6,0.65,3,0.8670065377557858,0.24668843441820779,3.570519244019088,0.9909474469180845,0.027821504346040655,1.7166939907126855e-05,0.6572831169092059,0.6572978955587991
4,6,0.65,4,0.8710775001543782,0.2537844028314602,3.5803518051554293,1.0139939767414423,0.028013524359215176,1.7075190601815094e-05,0.6572831169092059,0.6572978955587991
4,6,0.65,5,0.836408209450427,0.2550326469558061,3.4373101284942087,1.0177124334940675,0.02466682654424612,4.2631924490335345e-05,0.6572831169092059,0.6572978955587991
4,6,0.65,6,0.8694391237398009,0.24130264328537981,3.568656804455259,0.9682478306034197,0.027382770180931014,1.714780550958991e-05,0.6572831169092059,0.6572978955587991
4,6,0.65,7,0.8694200639177398,0.25057368362587357,3.5675929431716407,0.9999103329403292,0.029866870826421674,0.0,0.6572831169092059,0.6572978955587991
4,6,0.65,8,0.8596609350911522,0.2476803056836929,3.5484355946996744,0.990605258167915,0.028193281272769353,1.7091971900798197e-05,0.6572831169092059,0.6572978955587991
4,6,0.65,9,0.847256840651,0.2540230259952215,3.492563035510835,1.0124988162329602,0.026614078710451856,8.516726851536417e-06,0.6572831169092059,0.6572978955587991
4,6,0.65,10,0.8742396664580473,0.2511742108264239,3.605455298309082,1.0053584894910872,0.02926002926002926,7.696781035131529e-05,0.6572831169092059,0.6572978955587991
4,6,0.65,11,0.8752723955451632,0.2492938139132707,3.594787797299491,1.0000814753249674,0.028228832639694345,6.857064490691535e-05,0.6572831169092059,0.6572978955587991
4,6,0.65,12,0.8505714704524883,0.25333874722280963,3.5071523229192816,1.0150350158503816,0.026500235919873032,9.41627646187692e-05,0.6572831169092059,0.6572978955587991
4,6,0.65,13,0.8843562063702834,0.2589878524065553,3.6185294120283396,1.0300113605220242,0.02877184639163001,8.498703947647983e-06,0.6572831169092059,0.6572978955587991
4,6,0.65,14,0.8628866464691508,0.24648099477253183,3.5386847551860003,0.9876707696064184,0.026680541458047238,7.706205207682231e-05,0.6572831169092059,0.6572978955587991
4,6,0.65,15,0.8509927932739216,0.25007786384619557,3.4986616986875774,0.9953230282968402,0.026719221594261138,0.0,0.6572831169092059,0.6572978955587991
4,6,0.65,16,0.8598300160792294,0.2414374213998644,3.5392653208523592,0.968558958465427,0.02677577853486501,0.0,0.6572831169092059,0.6572978955587991
4,6,0.65,17,0.8745885178811605,0.24126002478000041,3.5887574907558166,0.9641778425210361,0.02823838170384635,0.0,0.6572831169092059,0.6572978955587991
4,6,0.65,18,0.8692791456900122,0.2597415270068712,3.5634042046959333,1.034087337001631,0.026355742822537997,0.0,0.6572831169092059,0.6572978955587991
4,6,0.65,19,0.8609614289765546,0.24833533508923955,3.539911936722807,0.9911303572523184,0.026079367524000207,0.0,0.6572831169092059,0.6572978955587991
4,6,0.65,20,0.8903845127258531,0.239900026001426,3.662313373558267,0.9635608491679207,0.02961194029850746,0.0,0.6572831169092059,0.6572978955587991
4,6,0.65,21,0.8664670409315505,0.24248304910324064,3.5729874124954017,0.9749754216539377,0.02809157167204803,3.436485162975309e-05,0.6572831169092059,0.6572978955587991
4,6,0.65,22,0.8655215886506006,0.25498193841280703,3.557480586642371,1.0146560863682255,0.029493244683118102,3.4011580943311195e-05,0.6572831169092059,0.6572978955587991
4,6,0.65,23,0.8679410506917931,0.24397072534212894,3.572684863204488,0.9758745605603059,0.027791079491038446,1.709357879712486e-05,0.6572831169092059,0.6572978955587991
4,6,0.65,24,0.8782543286549566,0.2422371627604882,3.615666323656078,0.9711233032252437,0.028700325538077703,0.0,0.6572831169092059,0.6572978955587991
4,6,0.65,25,0.85251883369966,0.25406458726104303,3.5025976065304816,1.0152871598349746,0.026687973747852912,9.392397281327914e-05,0.6572831169092059,0.6572978955587991
4,6,0.65,26,0.8738366428856821,0.24949883186916147,3.577347355493801,0.995162447822346,0.027033238285738604,0.0,0.6572831169092059,0.6572978955587991
4,6,0.65,27,0.8627653647304219,0.24828340299660542,3.5612685072496917,0.9974420528858264,0.027749193935652054,5.150524065823697e-05,0.6572831169092059,0.6572978955587991
4,6,0.65,28,0.8673176257726277,0.24730962765833084,3.5565762701706567,0.991505645903896,0.02688460849768501,0.0,0.6572831169092059,0.6572978955587991
4,6,0.65,29,0.8735137379314742,0.25021974353663595,3.5902854827957187,1.0008038122013065,0.02793334243955744,0.0,0.6572831169092059,0.6572978955587991
4,6,0.65,30,0.8663929599155499,0.24311121830041993,3.5887532374440223,0.9791314202510867,0.02864634827838198,0.0,0.6572831169092059,0.6572978955587991
4,6,0.7,1,1.0157644541703363,0.3491118307233127,4.22753239660098,1.3941543965256802,0.036833481801985236,1.584685598377282e-05,0.9948450591739566,0.9949471750515312
4,6,0.7,2,1.0445546038927047,0.3571299220024395,4.3471433745912975,1.4332712168887183,0.038681971169111574,0.0003263837476814813,0.9948450591739566,0.9949471750515312
4,6,0.7,3,1.01947865831943,0.36217018977272336,4.250000974764737,1.4518154651409414,0.03847561169620414,0.00010338629892955417,0.9948450591739566,0.9949471750515312
4,6,0.7,4,1.0169377201575538,0.3458831084634157,4.244930995634873,1.3835214535246565,0.03648901019968395,0.00012696699651634303,0.9948450591739566,0.9949471750515312
4,6,0.7,5,1.028631365643106,0.3562868287231633,4.290870263651622,1.4290567755569534,0.03871891784364432,9.54912227651075e-05,0.9948450591739566,0.9949471750515312
4,6,0.7,6,1.0230983490260817,0.362942737449967,4.256435498633047,1.4459491706260148,0.036662080592955476,3.161805390878191e-05,0.9948450591739566,0.9949471750515312
4,6,0.7,7,1.018058228361494,0.3697225292340529,4.235273841081435,1.4742693792957529,0.03839345953883399,0.00034020871409017907,0.9948450591739566,0.9949471750515312
4,6,0.7,8,1.0219670246036685,0.35765630388309183,4.249863213551001,1.429966976765281,0.037477365862956254,5.5526910720659974e-05,0.9948450591739566,0.9949471750515312
4,6,0.7,9,1.0319012642836056,0.36658941844600273,4.2627604593462465,1.4637090596474227,0.037932856478159034,0.00015842211572735554,0.9948450591739566,0.9949471750515312
4,6,0.7,10,1.0327929584333726,0.3478519514455471,4.313066008764143,1.393701303055471,0.03852067847383223,2.3848324655192974e-05,0.9948450591739566,0.9949471750515312
4,6,0.7,11,1.0282759306173495,0.3505338413309249,4.275329673648529,1.403951588410289,0.03676774419122088,0.00011124265997091799,0.9948450591739566,0.9949471750515312
4,6,0.7,12,1.0436400838528783,0.3602875530638509,4.340795782274388,1.444035673786856,0.03875200304621682,0.00024646599564311723,0.9948450591739566,0.9949471750515312
4,6,0.7,13,1.0319087735023127,0.3512162860357789,4.2831934598459585,1.4054010664082282,0.03910101689550113,0.0001349538378489946,0.9948450591739566,0.9949471750515312
4,6,0.7,14,1.0293300595607178,0.3537827370313833,4.289984389747389,1.4129911857734991,0.0396219672000953,7.923993058582081e-05,0.9948450591739566,0.9949471750515312
4,6,0.7,15,1.0274071454485811,0.3584896012949101,4.262153554472868,1.4336772989661535,0.03682533138834274,7.935878104912309e-05,0.9948450591739566,0.9949471750515312
4,6,0.7,16,1.0322203294279886,0.34768518818235555,4.296065688594761,1.394592484352868,0.03863223163460546,0.00022278803309993633,0.9948450591739566,0.9949471750515312
4,6,0.7,17,1.0304576336297075,0.3718012321812781,4.295155490262204,1.4825006244343686,0.038983953394107505,0.00011865868225578065,0.9948450591739566,0.9949471750515312
4,6,0.7,18,1.0451580058699301,0.34657744877021335,4.3452902968556675,1.3849396219531844,0.03952904263495258,8.720814999801799e-05,0.9948450591739566,0.9949471750515312
4,6,0.7,19,1.0534485380404262,0.3401159902195153,4.353178720563386,1.3663301825606775,0.03989072759049613,8.76801428389236e-05,0.9948450591739566,0.9949471750515312
4,6,0.7,20,1.010371368361791,0.35557192172285923,4.202900248133324,1.4274991918776578,0.03679025499534854,4.7791247829480825e-05,0.9948450591739566,0.9949471750515312
4,6,0.7,21,1.0377817825155327,0.36697253177954975,4.333928632630719,1.4658880325102364,0.03808567283625871,7.927322309070442e-05,0.9948450591739566,0.9949471750515312
4,6,0.7,22,1.0280701494566964,0.35483791245857826,4.282388380885508,1.415845746082103,0.039180808233210775,0.00015831301649621633,0.9948450591739566,0.9949471750515312
4,6,0.7,23,1.0349069819325563,0.3719562699373995,4.3061766235745695,1.483090207052723,0.038587021234371896,0.00022937412501680758,0.9948450591739566,0.9949471750515312
4,6,0.7,24,1.02596758878033,0.36184255434071316,4.283015987269853,1.445431503679347,0.0380162391732205,0.00021395289866556785,0.9948450591739566,0.9949471750515312
4,6,0.7,25,1.0313884069168004,0.3420258251691333,4.2859033770203405,1.3702474033961254,0.038665800028535646,0.00021458545269582908,0.9948450591739566,0.9949471750515312
4,6,0.7,26,1.0395611093928914,0.34787949629738124,4.314190243325029,1.3901058142036655,0.03799504068067846,0.0,0.9948450591739566,0.9949471750515312
4,6,0.7,27,1.0223174884910695,0.3441084952025115,4.265030284575742,1.3849440659963028,0.03670946646463035,1.5972654814956793e-05,0.9948450591739566,0.9949471750515312
4,6,0.7,28,1.0331608114235378,0.35612953035361916,4.291963991449014,1.423706236368933,0.03913663366336634,4.7593739836753475e-05,0.9948450591739566,0.9949471750515312
4,6,0.7,29,1.0427845616247757,0.3484910039350286,4.341924667843117,1.398448914543617,0.04023216352939311,7.165662146991616e-05,0.9948450591739566,0.9949471750515312
4,6,0.7,30,1.0122800679825859,0.35937934522913717,4.220684411466072,1.4462984788236901,0.036085392792491046,0.00026343519494204424,0.9948450591739566,0.9949471750515312
4,6,0.75,1,1.2162658151931633,0.4776622181748475,5.121404152414753,1.9095963438771801,0.05261991475027149,0.00019988303141124823,1.501041196658349,1.50164841930856
4,6,0.75,2,1.2149282141217688,0.5222628779895909,5.1256543278440025,2.0906620960916595,0.050118003295186356,0.0008961834435663658,1.501041196658349,1.50164841930856
4,6,0.75,3,1.2057291462116486,0.5094172578887933,5.092447515087783,2.0379405834263236,0.05043227665706052,0.0005405925783303835,1.501041196658349,1.50164841930856
4,6,0.75,4,1.193567946195284,0.5111297981644187,5.048507591264068,2.049664388040455,0.052190826886813466,0.0009125847665118488,1.501041196658349,1.50164841930856
4,6,0.75,5,1.2193027206042917,0.5025472911925449,5.127452756449982,2.0110680760033772,0.05151349514706534,0.0004296328120949044,1.501041196658349,1.50164841930856
4,6,0.75,6,1.2120252474787188,0.5083505424536809,5.095171689071343,2.0330847658729416,0.05102289602588825,0.0005701423134449923,1.501041196658349,1.50164841930856
4,6,0.75,7,1.186239057420454,0.5199729013309909,4.9956291832501245,2.0773235459079764,0.0495315187096009,0.0004290829461722842,1.501041196658349,1.50164841930856
4,6,0.75,8,1.2002757223220932,0.5227550486557075,5.066706159878456,2.0897953087674,0.049664569140360916,0.0005549718074321824,1.501041196658349,1.50164841930856
4,6,0.75,9,1.2079978234592388,0.5287855195835696,5.069636970020741,2.1126864609487988,0.05083070203913005,0.0005028841887294779,1.501041196658349,1.50164841930856
4,6,0.75,10,1.229719392877219,0.5147558249137749,5.187229616807191,2.060450233468305,0.05207777975238434,0.0005260350294875975,1.501041196658349,1.50164841930856
4,6,0.75,11,1.2213993266713243,0.49786815772489146,5.143581856204781,1.9927195500600878,0.05128926047870963,0.0005926628341136728,1.501041196658349,1.50164841930856
4,6,0.75,12,1.2065319300710162,0.4961320225644538,5.109983667219957,1.991606202987446,0.0526687323985525,0.00024525833878351864,1.501041196658349,1.50164841930856
4,6,0.75,13,1.21362413826759,0.5130354088094856,5.112847137175432,2.0544976774353767,0.0524452001626437,0.000911327129393634,1.501041196658349,1.50164841930856
4,6,0.75,14,1.2048741846647375,0.5021841414048047,5.069545604306336,2.016848779599405,0.05087202852028816,0.00023050383677354112,1.501041196658349,1.50164841930856
4,6,0.75,15,1.1808224323314733,0.48557042972333664,4.974999527062291,1.9406297187850976,0.04941256749540141,0.0002811732323082843,1.501041196658349,1.50164841930856
4,6,0.75,16,1.2116890362116892,0.5072965023013859,5.112507528120587,2.0237202616269814,0.050348020955462224,0.000361976242538857,1.501041196658349,1.50164841930856
4,6,0.75,17,1.200764460244129,0.52570142649881,5.055960678353029,2.097281734646336,0.05011851851851852,0.000561171371399458,1.501041196658349,1.50164841930856
4,6,0.75,18,1.2267296402195458,0.5183543880069473,5.160592380475728,2.0683309898897506,0.05296283452250072,0.00047268752400366333,1.501041196658349,1.50164841930856
4,6,0.75,19,1.1984182263691128,0.49593124204540834,5.065020219560952,1.9846917776689654,0.05203410077387091,0.00046667703726749484,1.501041196658349,1.50164841930856
4,6,0.75,20,1.210290733906232,0.512666490801342,5.117230579089465,2.0556769446604966,0.05079568006303005,0.0005569417216182499,1.501041196658349,1.50164841930856
4,6,0.75,21,1.2234377374238832,0.523440226786627,5.178658579852433,2.0992968306406747,0.052465421699276496,0.0008385464205941064,1.501041196658349,1.50164841930856
4,6,0.75,22,1.197441411225973,0.49424476333135436,5.062703975053763,1.9776700791890698,0.05153590208252874,0.00041478716233732567,1.501041196658349,1.50164841930856
4,6,0.75,23,1.1872101506582315,0.49193522621219904,5.015074061110161,1.971692291994549,0.049542348558639614,0.0004228988603988604,1.501041196658349,1.50164841930856
4,6,0.75,24,1.2244188078436318,0.49938148685877476,5.162628602239472,2.0044210385391397,0.05140474197634197,0.00034922687115014525,1.501041196658349,1.50164841930856
4,6,0.75,25,1.2378491597931667,0.500478932838845,5.202574530151898,1.9972973891164478,0.05305598962172362,0.00028076812247401046,1.501041196658349,1.50164841930856
4,6,0.75,26,1.235655933845227,0.4957587065771225,5.198514081994462,1.98036500089988,0.05391538954864106,0.00048060215753399334,1.501041196658349,1.50164841930856
4,6,0.75,27,1.2163143682600108,0.49583977818332364,5.151757822277447,1.9916799087967367,0.05323936549429658,0.00031975252641676394,1.501041196658349,1.50164841930856
4,6,0.75,28,1.21334721657217,0.5087135935409369,5.106203476522062,2.0363744881344346,0.051614286136652573,0.00040014820303816226,1.501041196658349,1.50164841930856
4,6,0.75,29,1.2201489860577683,0.4884452997814978,5.1357691402761905,1.9564900368962477,0.05242787289675446,0.0004820921315147335,1.501041196658349,1.50164841930856
4,6,0.75,30,1.2138274940162075,0.5013626187834458,5.121667734010226,2.014851901862195,0.05066803166195595,0.0004463721106705253,1.501041196658349,1.50164841930856
5,7,0.55,1,0.59295211623786,0.08574303099823977,2.984585464029174,0.4283551635809974,0.00696340576783262,0.0,0.21848493009710823,0.21848493038272654
5,7,0.55,2,0.6081579647136132,0.0844877725940815,3.0671435673209158,0.42142995501059594,0.007034785354046418,0.0,0.21848493009710823,0.21848493038272654
5,7,0.55,3,0.5923728298648878,0.08378506895891641,2.9969099383418634,0.4203451773937788,0.006209160950554273,8.108130021973032e-06,0.21848493009710823,0.21848493038272654
5,7,0.55,4,0.6016021854178996,0.08175537710131382,3.033059803605157,0.40883965684782253,0.0064601261262719895,0.0,0.21848493009710823,0.21848493038272654
5,7,0.55,5,0.5968808952718839,0.08245789590080288,3.0066997426120703,0.41363316055892096,0.006487413447227076,0.0,0.21848493009710823,0.21848493038272654
5,7,0.55,6,0.586860813167711,0.08512083168822887,2.9607093922185714,0.4245141831532179,0.0069237496760818865,0.0,0.21848493009710823,0.21848493038272654
5,7,0.55,7,0.6038243767895302,0.08618622875141273,3.038902944358863,0.430133185484479,0.006513026052104208,0.0,0.21848493009710823,0.21848493038272654
5,7,0.55,8,0.5942469411727965,0.0845829245533512,3.0027042184152464,0.42380847336512606,0.006619669178787854,0.0,0.21848493009710823,0.21848493038272654
5,7,0.55,9,0.6176025250625434,0.08779500535123932,3.1056281099861227,0.4372929947118907,0.0074455899198167235,0.0,0.21848493009710823,0.21848493038272654
5,7,0.55,10,0.6006772315282263,0.08446704414988561,3.042956770706657,0.4230660329310484,0.006483417257115896,0.0,0.21848493009710823,0.21848493038272654
5,7,0.55,11,0.6217247366123126,0.08556456781096886,3.1237880872064476,0.42869234838368714,0.006966955343751512,0.0,0.21848493009710823,0.21848493038272654
5,7,0.55,12,0.6017499730302674,0.08504918109059498,3.029435095115263,0.42579886038791337,0.006764182964279942,0.0,0.21848493009710823,0.21848493038272654
5,7,0.55,13,0.6120344992175097,0.0816263828856968,3.081034215393387,0.40807915267945066,0.007092828810779808,0.0,0.21848493009710823,0.21848493038272654
5,7,0.55,14,0.608688106626692,0.0839335381046529,3.0707308089265464,0.42000029681892714,0.00717350821795806,0.0,0.21848493009710823,0.21848493038272654
5,7,0.55,15,0.5956004481167947,0.08901698584723763,3.0024423389979935,0.44206992305390536,0.006201926969476156,0.0,0.21848493009710823,0.21848493038272654
5,7,0.55,16,0.6133302777807911,0.08569945502008533,3.08678156635648,0.4285492204604825,0.006970526706890564,0.0,0.21848493009710823,0.21848493038272654
5,7,0.55,17,0.6061231987060687,0.08196377619264499,3.0540844014738964,0.4085906327580855,0.0067297581493165086,0.0,0.21848493009710823,0.21848493038272654
5,7,0.55,18,0.6164913499797178,0.08603614477738278,3.098760576103633,0.42963218340224685,0.007106386067934147,0.0,0.21848493009710823,0.21848493038272654
5,7,0.55,19,0.611519999065346,0.08507327183282387,3.0824821069186403,0.42551526849057475,0.007383147339479217,0.0,0.21848493009710823,0.21848493038272654
5,7,0.55,20,0.6056627632629643,0.08494253743364111,3.0626527669865435,0.4251627584519001,0.006626334808559016,0.0,0.21848493009710823,0.21848493038272654
5,7,0.55,21,0.6175865018073307,0.08680024156279671,3.121192117161473,0.43537682266377375,0.007427167541007532,0.0,0.21848493009710823,0.21848493038272654
5,7,0.55,22,0.6184267530343932,0.08781445779741683,3.1047466034081252,0.4369572394000085,0.00686675908314259,0.0,0.21848493009710823,0.21848493038272654
5,7,0.55,23,0.5959306858868911,0.0854558011278804,3.0048261490601136,0.42728591127029125,0.006501287303463575,0.0,0.21848493009710823,0.21848493038272654
5,7,0.55,24,0.6081982845024028,0.08089566984383093,3.0698861245128493,0.4060004233907765,0.007233053352880667,0.0,0.21848493009710823,0.21848493038272654
5,7,0.55,25,0.6055911031269325,0.08615407726738188,3.034415695651325,0.4305824957932905,0.0069086990091365335,0.0,0.21848493009710823,0.21848493038272654
5,7,0.55,26,0.6097997746818916,0.08637621495063329,3.0559615242593505,0.43108335283156296,0.006917520631907466,0.0,0.21848493009710823,0.21848493038272654
5,7,0.55,27,0.6022229519425399,0.08191552604812453,3.0259758903690797,0.411738854629643,0.006647466460143437,0.0,0.21848493009710823,0.21848493038272654
5,7,0.55,28,0.6058985038185055,0.08662984675544147,3.046019692710628,0.43238404504294947,0.006603750736665348,0.0,0.21848493009710823,0.21848493038272654
5,7,0.55,29,0.6125459419922102,0.08318406900418143,3.088286000162756,0.415430221285088,0.0067177648458556245,0.0,0.21848493009710823,0.21848493038272654
5,7,0.55,30,0.6026492485076134,0.08150484766233318,3.0484694121993705,0.40994014314888993,0.0071595558153126826,0.0,0.21848493009710823,0.21848493038272654
5,7,0.6,1,0.77082682974778,0.12723975031323798,3.8835649927838634,0.6357843143834806,0.011292429643734916,0.0,0.3542263983079311,0.35422640570516495
5,7,0.6,2,0.7779165696380543,0.12876778557727123,3.9298372394598013,0.6428888585700572,0.011161275997335504,0.0,0.3542263983079311,0.35422640570516495
5,7,0.6,3,0.7544053334400298,0.12225845444055912,3.8275658642201176,0.6169637687735211,0.011656414371043951,0.0,0.3542263983079311,0.35422640570516495
5,7,0.6,4,0.7618774381097063,0.12353624279241777,3.8582656264083326,0.6175073970651371,0.011443786016776309,0.0,0.3542263983079311,0.35422640570516495
5,7,0.6,5,0.7774206341729577,0.1278728669158508,3.9257335013510293,0.6401561789113954,0.01078236930909952,0.0,0.3542263983079311,0.35422640570516495
5,7,0.6,6,0.7747850679569227,0.12903850519153287,3.9184684477541483,0.6440321748979552,0.01117993094966438,0.0,0.3542263983079311,0.35422640570516495
5,7,0.6,7,0.7638787399031123,0.13001974355634036,3.8547715622163548,0.6490220293902625,0.010907343045182281,0.0,0.3542263983079311,0.35422640570516495
5,7,0.6,8,0.766816172894802,0.12598823466308964,3.871079274786081,0.6313899219373789,0.011050868018314558,0.0,0.3542263983079311,0.35422640570516495
5,7,0.6,9,0.7810919217984185,0.13329029131440753,3.936090866804589,0.6610369359912823,0.011454297206538986,0.0,0.3542263983079311,0.35422640570516495
5,7,0.6,10,0.785539761510287,0.1291740694345376,3.9736321629204197,0.6464925931610886,0.012068531489241977,0.0,0.3542263983079311,0.35422640570516495
5,7,0.6,11,0.7679892853898097,0.12208929892024196,3.8792494292276487,0.6145916892550548,0.011136846311520902,0.0,0.3542263983079311,0.35422640570516495
5,7,0.6,12,0.7776193708212146,0.13292480509521706,3.94178754309663,0.6638126988441647,0.011162521259292818,0.0,0.3542263983079311,0.35422640570516495
5,7,0.6,13,0.7575404127553228,0.12140098777055616,3.8348451247122846,0.6078823707006107,0.0108686781758426,0.0,0.3542263983079311,0.35422640570516495
5,7,0.6,14,0.7678932995437464,0.12737677074583287,3.8832404140326577,0.6378106027188455,0.01150131824510472,0.0,0.3542263983079311,0.35422640570516495
5,7,0.6,15,0.7747520802450525,0.13066377634313903,3.918802847542892,0.6499472498012877,0.012001362276779105,0.0,0.3542263983079311,0.35422640570516495
5,7,0.6,16,0.758107025899349,0.13164265490526822,3.830704660427471,0.6573602280526114,0.010041574340998526,0.0,0.3542263983079311,0.35422640570516495
5,7,0.6,17,0.7662004048287506,0.12638849492343834,3.86460276695696,0.63144122574242,0.01096147591875351,0.0,0.3542263983079311,0.35422640570516495
5,7,0.6,18,0.7617492852728954,0.12995829760261024,3.8501776871011613,0.6481092228340561,0.011415626526895572,0.0,0.3542263983079311,0.35422640570516495
5,7,0.6,19,0.7702064129463823,0.1250926074694849,3.8826270682732744,0.6259800881330743,0.011553055469430541,0.0,0.3542263983079311,0.35422640570516495
5,7,0.6,20,0.7768416144275825,0.1260410348575439,3.925052022723916,0.6310980611742698,0.011103873030913182,0.0,0.3542263983079311,0.35422640570516495
5,7,0.6,21,0.7881579328818239,0.13223774418826778,3.9912062940227706,0.662877831861044,0.011150430660345864,0.0,0.3542263983079311,0.35422640570516495
5,7,0.6,22,0.7657544241646018,0.12855077081692373,3.87442873596501,0.6424873408173167,0.011221963621269846,0.0,0.3542263983079311,0.35422640570516495
5,7,0.6,23,0.7602437040781361,0.12715876439757878,3.8547807481067595,0.6343504901816839,0.011832650394916563,0.0,0.3542263983079311,0.35422640570516495
5,7,0.6,24,0.7670968035613359,0.12710803743493046,3.8769142048064777,0.6382254617098464,0.010557197786322317,0.0,0.3542263983079311,0.35422640570516495
5,7,0.6,25,0.7664179864740853,0.1300003871106737,3.8691002088877533,0.6488484272382782,0.011615440920954373,0.0,0.3542263983079311,0.35422640570516495
5,7,0.6,26,0.7776958195134841,0.12478746956903006,3.926505072306517,0.623872649940712,0.0111323155216285,0.0,0.3542263983079311,0.35422640570516495
5,7,0.6,27,0.7670876425156726,0.12675678427930953,3.894779032232903,0.6359130525056778,0.010760529840750111,0.0,0.3542263983079311,0.35422640570516495
5,7,0.6,28,0.7657848287006335,0.1281888395739105,3.869661205550139,0.6391211336394169,0.011327124391074523,0.0,0.3542263983079311,0.35422640570516495
5,7,0.6,29,0.7782960588037678,0.12748823730749487,3.9279963909312547,0.6364380094895056,0.011822427144292724,0.0,0.3542263983079311,0.35422640570516495
5,7,0.6,30,0.7716037916079893,0.12268180524447651,3.896178174602978,0.616560334599223,0.011221908242221598,0.0,0.3542263983079311,0.35422640570516495
5,7,0.65,1,0.9465646099519125,0.18707679435904018,4.809120147131015,0.9352026326767104,0.016408791449112926,0.0,0.5618667512811468,0.5618668964596775
5,7,0.65,2,0.9527196115330808,0.1931444631004642,4.8466709549552975,0.9651547714999349,0.017384943531406384,0.0,0.5618667512811468,0.5618668964596775
5,7,0.65,3,0.9502657872285937,0.19097297971120508,4.860196959794804,0.9579179816710974,0.017517094457616053,0.0,0.5618667512811468,0.5618668964596775
5,7,0.65,4,0.9431154556054082,0.19093533807396273,4.813741803197161,0.9519826076545392,0.016823969523286544,0.0,0.5618667512811468,0.5618668964596775
5,7,0.65,5,0.9576936632740789,0.1863183939217709,4.883032719728813,0.9319865142074891,0.018473774632269898,0.0,0.5618667512811468,0.5618668964596775
5,7,0.65,6,0.9593050934374121,0.1861123738876788,4.87161353740715,0.9295691880566321,0.018246283921996453,1.3660549017465011e-05,0.5618667512811468,0.5618668964596775
5,7,0.65,7,0.9572401054022437,0.19033689729809786,4.850894225873206,0.9487961436460712,0.01739799531513864,0.0,0.5618667512811468,0.5618668964596775
5,7,0.65,8,0.9343300002275269,0.1893106577779709,4.7619384549229355,0.9489594512596436,0.01636590516413899,0.0,0.5618667512811468,0.5618668964596775
5,7,0.65,9,0.9587826750679505,0.18872321186293328,4.8742103366619824,0.9385399220269853,0.018325518540510656,0.0,0.5618667512811468,0.5618668964596775
5,7,0.65,10,0.9458425274356272,0.19605514159423,4.833277193189942,0.9796165175101056,0.017844764277527264,0.0,0.5618667512811468,0.5618668964596775
5,7,0.65,11,0.9593970310117801,0.1859006909162973,4.882343154532849,0.9321101763738757,0.017579967999124764,0.0,0.5618667512811468,0.5618668964596775
5,7,0.65,12,0.9461373454076322,0.18990076978592235,4.828207044799546,0.9511492558474195,0.017302627969495804,0.0,0.5618667512811468,0.5618668964596775
5,7,0.65,13,0.9478118780756969,0.18334258732986128,4.818223012928088,0.9121792365628023,0.017646657105784332,0.0,0.5618667512811468,0.5618668964596775
5,7,0.65,14,0.9576978589566669,0.18561628321282753,4.86982527339774,0.9273902329161864,0.01726317803762908,0.0,0.5618667512811468,0.5618668964596775
5,7,0.65,15,0.950447677870646,0.19568477640478232,4.83323537004176,0.9722285228114982,0.017465816608925606,0.0,0.5618667512811468,0.5618668964596775
5,7,0.65,16,0.9562928017712797,0.19025724557110224,4.870656750895739,0.953313444821936,0.017336965449269014,0.0,0.5618667512811468,0.5618668964596775
5,7,0.65,17,0.9493737720588804,0.18597442132262135,4.840695007799872,0.9293482962705678,0.017647099121070334,0.0,0.5618667512811468,0.5618668964596775
5,7,0.65,18,0.9488506541244307,0.20100326718255762,4.832196744911815,1.0018037140877816,0.018188656022428116,0.0,0.5618667512811468,0.5618668964596775
5,7,0.65,19,0.9708721316542823,0.1945624839022149,4.925265581022493,0.9726567752168385,0.01931515889592674,0.0,0.5618667512811468,0.5618668964596775
5,7,0.65,20,0.9553693872086735,0.18320858446760682,4.85551688879679,0.9179698744848158,0.017556079074055105,0.0,0.5618667512811468,0.5618668964596775
5,7,0.65,21,0.9573399183818667,0.1794352324091547,4.911503165629019,0.9023948288136475,0.01865967101140925,0.0,0.5618667512811468,0.5618668964596775
5,7,0.65,22,0.9532890256794764,0.1884358821273971,4.849571511677235,0.94194516847125,0.017752934905905345,0.0,0.5618667512811468,0.5618668964596775
5,7,0.65,23,0.9549046009398487,0.1911848935241043,4.852847330200021,0.9557593254954315,0.016889629821948318,0.0,0.5618667512811468,0.5618668964596775
5,7,0.65,24,0.9569161267692857,0.18986227710303116,4.878415942973226,0.9517308358032709,0.01688165704807468,0.0,0.5618667512811468,0.5618668964596775
5,7,0.65,25,0.9440695301793853,0.18964968632293353,4.80397871211435,0.9492609766564345,0.017047708957572273,0.0,0.5618667512811468,0.5618668964596775
5,7,0.65,26,0.950318580016132,0.18451416449975627,4.833298719679934,0.9218459521774112,0.016533278610028047,0.0,0.5618667512811468,0.5618668964596775
5,7,0.65,27,0.9570239341769939,0.18577006698094928,4.887828704161704,0.9332533764758119,0.017640762443221582,0.0,0.5618667512811468,0.5618668964596775
5,7,0.65,28,0.9605858956466587,0.2005005384427863,4.892354451795262,0.9984610583912469,0.01802886259489775,0.0,0.5618667512811468,0.5618668964596775
5,7,0.65,29,0.9472960115565968,0.1825392743447256,4.82823669862059,0.9136647001237591,0.017670022601191698,0.0,0.5618667512811468,0.5618668964596775
5,7,0.65,30,0.9727755397154167,0.1831260324728221,4.959638773435812,0.9206989155378564,0.018114478575487262,0.0,0.5618667512811468,0.5618668964596775
5,7,0.7,1,1.1648664011062615,0.2711345382832272,5.959483970990764,1.3530025128671315,0.026463258826357,0.0,0.881429071574559,0.8814313235280582
5,7,0.7,2,1.166275579438444,0.2754082876555384,5.990761336973357,1.3781591534317907,0.026501968753969263,0.0,0.881429071574559,0.8814313235280582
5,7,0.7,3,1.1597093853368834,0.28663158325638477,5.980035230837466,1.440787227697146,0.026140081245336684,0.0,0.881429071574559,0.8814313235280582
5,7,0.7,4,1.1662843484685181,0.2847010502916465,5.986958950417663,1.4214763960964751,0.026871011532459625,0.0,0.881429071574559,0.8814313235280582
5,7,0.7,5,1.1516632787320646,0.27389565802885835,5.914814297310702,1.3708823885795116,0.025853798011246307,3.177851645173797e-05,0.881429071574559,0.8814313235280582
5,7,0.7,6,1.1667148514824879,0.2735762810402893,5.977957470957024,1.3657100795823764,0.025569334550618786,4.4375416019525186e-05,0.881429071574559,0.8814313235280582
5,7,0.7,7,1.1438212731288302,0.2843307751513061,5.875864751421057,1.4176700896132477,0.025268164274859638,0.0,0.881429071574559,0.8814313235280582
5,7,0.7,8,1.149830870453107,0.2691946845091325,5.921621851374191,1.3503018429304627,0.02544263298109648,0.0,0.881429071574559,0.8814313235280582
5,7,0.7,9,1.1499585505046628,0.27352210092901424,5.886843370531989,1.3596487050165618,0.027192988003465524,0.0,0.881429071574559,0.8814313235280582
5,7,0.7,10,1.1661083594718296,0.2715400980424031,5.998801436372721,1.3627013880041787,0.027311258109816928,0.0,0.881429071574559,0.8814313235280582
5,7,0.7,11,1.1561332822870127,0.2747899237767736,5.921965674892105,1.374342288109043,0.025549851048995372,0.0,0.881429071574559,0.8814313235280582
5,7,0.7,12,1.1606251641729133,0.27696023648723206,5.955007504462599,1.3880282099332186,0.026536941782364095,0.0,0.881429071574559,0.8814313235280582
5,7,0.7,13,1.159486774381708,0.2678446182895776,5.938881539477944,1.339480349178399,0.026087727744976308,0.0,0.881429071574559,0.8814313235280582
5,7,0.7,14,1.1462643835961315,0.2723670569683333,5.888500005294909,1.3623271758453117,0.02490378804745396,0.0,0.881429071574559,0.8814313235280582
5,7,0.7,15,1.133879335554875,0.27539834311588296,5.821315346197127,1.3689601786424717,0.024635616717116476,0.0,0.881429071574559,0.8814313235280582
5,7,0.7,16,1.1644409130501259,0.27271020398793466,5.988087197464917,1.364294160304448,0.02732059938892312,0.0,0.881429071574559,0.8814313235280582
5,7,0.7,17,1.1707724395723411,0.27513709873595277,6.014097945605815,1.376166059605337,0.025697251671624337,0.0,0.881429071574559,0.8814313235280582
5,7,0.7,18,1.1588998713740426,0.2740155861505994,5.9547783370166885,1.3783049631320539,0.02631077337535263,0.0,0.881429071574559,0.8814313235280582
5,7,0.7,19,1.1777293812934562,0.2734182472596972,6.030349224123042,1.3700052156460478,0.026664050682581975,0.0,0.881429071574559,0.8814313235280582
5,7,0.7,20,1.1649036472757268,0.2700853942248923,5.994688465805425,1.3551358177984947,0.0270811608210189,0.0,0.881429071574559,0.8814313235280582
5,7,0.7,21,1.1665060888002445,0.2768064291903897,6.005749326861034,1.3899664035497445,0.026459337148094633,0.0,0.881429071574559,0.8814313235280582
5,7,0.7,22,1.1606847038006676,0.2767770113696738,5.9576029741497605,1.3817889508226666,0.026993258027893877,0.0,0.881429071574559,0.8814313235280582
5,7,0.7,23,1.1522694030801999,0.2703915631266412,5.933629476323107,1.3542622110144906,0.02596128736393572,0.0,0.881429071574559,0.8814313235280582
5,7,0.7,24,1.1576540516056442,0.2741032700476756,5.952777498921642,1.374557111779678,0.02665149656448035,5.730804987073851e-05,0.881429071574559,0.8814313235280582
5,7,0.7,25,1.1586842066200025,0.27590736697473156,5.943788741495962,1.3796244300755687,0.025346997345930638,0.0,0.881429071574559,0.8814313235280582
5,7,0.7,26,1.1797016153087274,0.2796635117222714,6.036726589615499,1.3978505934345413,0.025681451229936366,0.0,0.881429071574559,0.8814313235280582
5,7,0.7,27,1.1665782196455132,0.27700260754995865,6.011133878445163,1.3872505192751416,0.025736489458685827,0.0,0.881429071574559,0.8814313235280582
5,7,0.7,28,1.170445456228917,0.2922452143472508,6.000487255517075,1.4557082442959612,0.02666151223438302,0.0,0.881429071574559,0.8814313235280582
5,7,0.7,29,1.1768590627606936,0.2745059950474331,6.026017038714069,1.3739464165291009,0.026663375673229666,0.0,0.881429071574559,0.8814313235280582
5,7,0.7,30,1.1482437231375442,0.2807642667135456,5.913610334021036,1.4070478618903217,0.025033954612407303,0.0,0.881429071574559,0.8814313235280582
5,7,0.75,1,1.3609699576005296,0.4059466031629014,7.071319702444564,2.0226481016750264,0.035831972688140125,7.085749377044534e-05,1.3833495232787185,1.3833780458843266
5,7,0.75,2,1.4060571915580573,0.4159351619261951,7.2911900182671,2.0819418895734394,0.03786839490988221,0.0,1.3833495232787185,1.3833780458843266
5,7,0.75,3,1.3992406534459259,0.4026703613197176,7.276750274404755,2.022071807000525,0.036978770896656535,1.785873738726672e-05,1.3833495232787185,1.3833780458843266
5,7,0.75,4,1.3928962281267454,0.39926334371844086,7.262592706779602,1.9975477999029585,0.03703262894174636,0.0,1.3833495232787185,1.3833780458843266
5,7,0.75,5,1.3553878984336083,0.4172669984204558,7.047428647265176,2.0904304452276072,0.03539812486251568,0.00013061650992685477,1.3833495232787185,1.3833780458843266
5,7,0.75,6,1.388040634785017,0.3952967323352205,7.200992258691548,1.9772948016298202,0.038055018305918814,2.9641398362609155e-05,1.3833495232787185,1.3833780458843266
5,7,0.75,7,1.3710955849663298,0.40384361176737443,7.113997214130579,2.0114387735421944,0.036117796298711306,0.0,1.3833495232787185,1.3833780458843266
5,7,0.75,8,1.4008182584169713,0.41489193042863537,7.272019074407601,2.0708374701750816,0.03659288415711288,0.0,1.3833495232787185,1.3833780458843266
5,7,0.75,9,1.406162579228171,0.4019613230752027,7.281302961310475,2.0028988398218033,0.03817929568733949,0.0,1.3833495232787185,1.3833780458843266
5,7,0.75,10,1.3630040889612258,0.4212748070534976,7.091802427727425,2.10752458938892,0.035440658608546685,5.9292638818890634e-06,1.3833495232787185,1.3833780458843266
5,7,0.75,11,1.398581540157845,0.4045547522040268,7.252260923204556,2.0243232580624544,0.03637569662834841,5.930600117425882e-06,1.3833495232787185,1.3833780458843266
5,7,0.75,12,1.3914580437261477,0.39772891075081734,7.226879768679834,1.996833048388089,0.037213519904699253,2.3800740203020313e-05,1.3833495232787185,1.3833780458843266
5,7,0.75,13,1.4029252558747571,0.4109902917915494,7.266066934390589,2.0509860451964124,0.03768157035094248,2.957477390085353e-05,1.3833495232787185,1.3833780458843266
5,7,0.75,14,1.3756405604621196,0.42772436947633885,7.149478793708385,2.1340976164802203,0.03670889831765718,5.321853897371004e-05,1.3833495232787185,1.3833780458843266
5,7,0.75,15,1.362233730703228,0.39744756697581696,7.0649918648177685,1.983309358688831,0.03491910940253083,0.0,1.3833495232787185,1.3833780458843266
5,7,0.75,16,1.3950474720813322,0.4046417720638097,7.252236975674624,2.027666723159269,0.037855749794004495,0.00013657795038063682,1.3833495232787185,1.3833780458843266
5,7,0.75,17,1.3792573446946643,0.41311671828724766,7.162134157741795,2.060662424283711,0.036395877071249805,4.7292224567128355e-05,1.3833495232787185,1.3833780458843266
5,7,0.75,18,1.3872660829573218,0.4142603553015493,7.224860037172934,2.0687984743575685,0.036729160348918106,1.7760096614925586e-05,1.3833495232787185,1.3833780458843266
5,7,0.75,19,1.38786769292107,0.3956347858071897,7.203249735818118,1.979368289445438,0.036784660417382646,0.0,1.3833495232787185,1.3833780458843266
5,7,0.75,20,1.3708831847551604,0.4016441989707838,7.118951525967794,2.0125619713652445,0.03547787678918091,1.7816737042777986e-05,1.3833495232787185,1.3833780458843266
5,7,0.75,21,1.4234557696888266,0.40423185515992266,7.393324214613598,2.0263948797555953,0.039281088657452584,1.188241165426935e-05,1.3833495232787185,1.3833780458843266
5,7,0.75,22,1.3780253174734365,0.41143942089315855,7.132865294670675,2.052363890641835,0.035912206719935655,0.0,1.3833495232787185,1.3833780458843266
5,7,0.75,23,1.3774640824978126,0.42700374687109777,7.155793699097707,2.1296173936474485,0.03690833402516693,7.092617767007507e-05,1.3833495232787185,1.3833780458843266
5,7,0.75,24,1.3974163568022118,0.4102952425101856,7.263446427068677,2.053167472215918,0.038019320808392106,0.0,1.3833495232787185,1.3833780458843266
5,7,0.75,25,1.3828284730856437,0.4005186916832878,7.172718601332562,2.005578224964927,0.03577906604545293,7.121239095602635e-05,1.3833495232787185,1.3833780458843266
5,7,0.75,26,1.396978617831833,0.39842880606221154,7.255881586300135,1.9923565483428793,0.037687340797346126,0.0,1.3833495232787185,1.3833780458843266
5,7,0.75,27,1.367093659016886,0.4045310770982401,7.105003886774827,2.0255179581810836,0.03550401321300626,1.7805210991750252e-05,1.3833495232787185,1.3833780458843266
5,7,0.75,28,1.38951093138535,0.40625543961883925,7.210272527627763,2.0291459410740145,0.037405642224919336,5.919471509583624e-05,1.3833495232787185,1.3833780458843266
5,7,0.75,29,1.3919735114469023,0.40221120794800286,7.233403312642874,2.0107638357819138,0.038220031751297304,4.147459977011222e-05,1.3833495232787185,1.3833780458843266
5,7,0.75,30,1.3948478625828662,0.39298040492236563,7.25136783714618,1.9721243823498857,0.03730001957539195,0.0,1.3833495232787185,1.3833780458843266
5,7,0.8,1,1.6435208911337984,0.5883974856521005,8.631306751758022,2.9336462059490462,0.05204432175870863,0.0002104761746509142,2.1984498247757425,2.198751640709259
5,7,0.8,2,1.6231998903771618,0.6052181857268589,8.567042491043116,3.0298445694063862,0.04915829797199717,8.899122880201121e-05,2.1984498247757425,2.198751640709259
5,7,0.8,3,1.6183542955745782,0.617966459487618,8.535388461255723,3.0946943051851297,0.04946600778843101,0.00027260690084897576,2.1984498247757425,2.198751640709259
5,7,0.8,4,1.6384587497987275,0.6102077779034991,8.621438810165099,3.0531338484115693,0.051473891461689916,0.00013341041490639037,2.1984498247757425,2.198751640709259
5,7,0.8,5,1.6333924475830248,0.5814072717196371,8.620255870780253,2.9124976064845765,0.05042849744683458,0.00014472505023629148,2.1984498247757425,2.198751640709259
5,7,0.8,6,1.6321275320172817,0.5855228277104829,8.58787713366087,2.9280261681350126,0.0502152000666426,0.0001611111111111111,2.1984498247757425,2.198751640709259
5,7,0.8,7,1.6136083619001276,0.6146888185534048,8.485191818772632,3.073409943767626,0.048929714590557484,0.00016108336897534313,2.1984498247757425,2.198751640709259
5,7,0.8,8,1.636746774630892,0.6311128944382348,8.63464765857287,3.1474072062138934,0.0511471397981034,0.00031021493463328164,2.1984498247757425,2.198751640709259
5,7,0.8,9,1.6358182740523748,0.5796020231132302,8.587061257220244,2.890837618434996,0.050709590967734794,0.00012192688820412778,2.1984498247757425,2.198751640709259
5,7,0.8,10,1.6430450469353695,0.6150074359133725,8.64276599525636,3.078241509879607,0.050266459420450764,0.00023353053689782483,2.1984498247757425,2.198751640709259
5,7,0.8,11,1.6000862253634787,0.5919283134217987,8.436139826160064,2.966610922555699,0.048007317100375896,0.00011692585230594484,2.1984498247757425,2.198751640709259
5,7,0.8,12,1.6683028473621533,0.6134534354342999,8.774405998450515,3.062143899584422,0.0531983178397521,0.00019962846923780742,2.1984498247757425,2.198751640709259
5,7,0.8,13,1.629283954821106,0.5827688053788832,8.579226907283937,2.9161121090186266,0.05111122215004692,0.00012786373061891604,2.1984498247757425,2.198751640709259
5,7,0.8,14,1.623060815251106,0.6056053485851314,8.550569763207879,3.03678279999911,0.050106218509826606,0.00027293488553445106,2.1984498247757425,2.198751640709259
5,7,0.8,15,1.6331453918525956,0.5923357980456615,8.577955828031124,2.954057979097049,0.049917100571701074,0.0001440562927667119,2.1984498247757425,2.198751640709259
5,7,0.8,16,1.5987497513402613,0.6162725071175751,8.43358156036588,3.084301693512518,0.04824943098138974,0.00017792506018871176,2.1984498247757425,2.198751640709259
5,7,0.8,17,1.6193764758672373,0.6078362684350348,8.507369998123341,3.0435198683921394,0.04898765870746751,7.232065867430669e-05,2.1984498247757425,2.198751640709259
5,7,0.8,18,1.627720186445147,0.5755726060035042,8.587514489384924,2.8899685418474323,0.050998892900655915,0.00022310721417177025,2.1984498247757425,2.198751640709259
5,7,0.8,19,1.637101169900222,0.5997286129313001,8.620262034664831,2.9984268366417752,0.05102137134163608,0.00019996445076430857,2.1984498247757425,2.198751640709259
5,7,0.8,20,1.5939380213013437,0.6122316230421945,8.390535702898006,3.0639946099746753,0.049163185734388645,0.00019460878074818735,2.1984498247757425,2.198751640709259
5,7,0.8,21,1.6201275930772514,0.5937102322907133,8.569419974972181,2.9830021496451744,0.05120755705992896,0.00013954552812400574,2.1984498247757425,2.198751640709259
5,7,0.8,22,1.644879987190239,0.5955681174246639,8.644824111955058,2.9753235801640936,0.050689890293861666,0.00021644300889081284,2.1984498247757425,2.198751640709259
5,7,0.8,23,1.6311512568181534,0.5974994864607689,8.588164364534205,2.979002638222619,0.05069477612769219,9.416717443084251e-05,2.1984498247757425,2.198751640709259
5,7,0.8,24,1.6304260190254607,0.600356895130904,8.60220558111945,3.0134069625718705,0.050568020527777625,0.00013941090527865452,2.1984498247757425,2.198751640709259
5,7,0.8,25,1.6230503134062833,0.5982294148656997,8.556766215019085,2.981508220010936,0.04993877323833908,0.00012735397205964596,2.1984498247757425,2.198751640709259
5,7,0.8,26,1.6343707590225942,0.6135490046008196,8.581594929675255,3.0644638692758313,0.04920479067161488,7.768972941777097e-05,2.1984498247757425,2.198751640709259
5,7,0.8,27,1.622362642304714,0.6107491898425745,8.565477432323346,3.0561502379396632,0.05028166424284974,0.00013342376499627526,2.1984498247757425,2.198751640709259
5,7,0.8,28,1.6389377288050515,0.5903717787962537,8.623152131857209,2.9547312000574943,0.05070674221529138,0.00037800668182399344,2.1984498247757425,2.198751640709259
5,7,0.8,29,1.6156704156243122,0.6024825469147769,8.511225837132617,3.0072669666531464,0.050292963321214544,0.00011090901024799255,2.1984498247757425,2.198751640709259
5,7,0.8,30,1.5936875748256205,0.5805187914397736,8.413461535364043,2.9060117194519672,0.04794616179386222,0.00018352297373953086,2.1984498247757425,2.198751640709259
10,9,0.7,1,1.3595396764310945,0.11452952473439677,13.735426670986099,1.1441249653148888,0.012743613941969687,0.0,0.5173728370570251,0.517372837057039
10,9,0.7,2,1.3601029382933416,0.10959331505015935,13.774771021085257,1.0983320471633344,0.012485036689877658,0.0,0.5173728370570251,0.517372837057039
10,9,0.7,3,1.3638809626342014,0.11219088720449817,13.766302964175111,1.122254227305889,0.012386703124208821,0.0,0.5173728370570251,0.517372837057039
10,9,0.7,4,1.355868543318714,0.11739676805015638,13.737612023996977,1.1743818205688576,0.012255415959684542,0.0,0.5173728370570251,0.517372837057039
10,9,0.7,5,1.3349765796990407,0.11200294275967818,13.555416552089516,1.1225684789103139,0.011484949108036277,0.0,0.5173728370570251,0.517372837057039
10,9,0.7,6,1.3569385956610982,0.11325398173863499,13.751693262701005,1.1312371922674667,0.013154594265066821,0.0,0.5173728370570251,0.517372837057039
10,9,0.7,7,1.3541548276485402,0.11369679869681178,13.710961894789056,1.1372604253632113,0.012553921553067697,0.0,0.5173728370570251,0.517372837057039
10,9,0.7,8,1.3482903829341615,0.11067265147744165,13.671763126068962,1.1089860045298492,0.01217704901349684,0.0,0.5173728370570251,0.517372837057039
10,9,0.7,9,1.344043220467325,0.11831717773191586,13.605172336809437,1.1773076639075049,0.012181145732471943,0.0,0.5173728370570251,0.517372837057039
10,9,0.7,10,1.3636483862320603,0.11192088793972979,13.796288126947143,1.1179808750076068,0.012831610086463555,0.0,0.5173728370570251,0.517372837057039
10,9,0.7,11,1.328155104007828,0.10932731156850102,13.438738471978912,1.096063728734041,0.011820983833439672,0.0,0.5173728370570251,0.517372837057039
10,9,0.7,12,1.3536331952658922,0.11453514369695575,13.699326681900805,1.1438932961963608,0.012531725888324872,0.0,0.5173728370570251,0.517372837057039
10,9,0.7,13,1.368122419881027,0.11138227764318664,13.792186127274984,1.1116010302469865,0.01295205842957871,0.0,0.5173728370570251,0.517372837057039
10,9,0.7,14,1.3437978643096455,0.1104910449676765,13.602078629604131,1.107702563439848,0.012198567152429715,0.0,0.5173728370570251,0.517372837057039
10,9,0.7,15,1.3484915811067626,0.11614318385608328,13.621003031824811,1.1571575947524604,0.011757174728729338,0.0,0.5173728370570251,0.517372837057039
10,9,0.7,16,1.333412729222506,0.11347074675308703,13.523142822927326,1.1338831524771649,0.012511008733860482,0.0,0.5173728370570251,0.517372837057039
10,9,0.7,17,1.356508889546925,0.11518362055302936,13.727000889490265,1.1507065069506746,0.012057829336803516,0.0,0.5173728370570251,0.517372837057039
10,9,0.7,18,1.3789954376083002,0.11042596947127717,13.974600432616455,1.1063645790144587,0.01264041374402765,0.0,0.5173728370570251,0.517372837057039
10,9,0.7,19,1.362666830562223,0.11188027290333809,13.789964044301959,1.1184178616679736,0.013067149484258222,0.0,0.5173728370570251,0.517372837057039
10,9,0.7,20,1.3604561267382016,0.11487686214778758,13.767318037645152,1.1493563829243612,0.012647386301995604,0.0,0.5173728370570251,0.517372837057039
10,9,0.7,21,1.3563868695291232,0.10912924256231434,13.725873924029687,1.0941023583466432,0.012101957324175667,0.0,0.5173728370570251,0.517372837057039
10,9,0.7,22,1.3390733787988356,0.1115361698739411,13.581276121461087,1.115535226441302,0.012440017934995183,0.0,0.5173728370570251,0.517372837057039
10,9,0.7,23,1.3617421061775448,0.11267980692406947,13.775252196663335,1.1238651586761341,0.01249555995331608,0.0,0.5173728370570251,0.517372837057039
10,9,0.7,24,1.3381318517091425,0.11100660996011444,13.585008246807485,1.1105060588693305,0.012083678278036044,0.0,0.5173728370570251,0.517372837057039
10,9,0.7,25,1.3388837701251635,0.11687883669111103,13.53495937485123,1.1659543631517257,0.011698206571042497,0.0,0.5173728370570251,0.517372837057039
10,9,0.7,26,1.3689243998646086,0.11181236132213808,13.817087092275354,1.1190152730103509,0.01260627845826227,0.0,0.5173728370570251,0.517372837057039
10,9,0.7,27,1.3332763763511057,0.1127251794296908,13.543231643750413,1.1287370046520309,0.012024776009074341,0.0,0.5173728370570251,0.517372837057039
10,9,0.7,28,1.3514556470260841,0.1097133525718039,13.666688983341437,1.0994104861681169,0.012391597304795878,0.0,0.5173728370570251,0.517372837057039
10,9,0.7,29,1.3465536167086225,0.11640417362606297,13.646291088824249,1.1624771076206328,0.01287796264596877,0.0,0.5173728370570251,0.517372837057039
10,9,0.7,30,1.3205906875600726,0.10808933818162647,13.40531405656844,1.0826417123591598,0.01204757902243957,0.0,0.5173728370570251,0.517372837057039
10,9,0.75,1,1.6553086835266246,0.18340744969775827,16.882015872454637,1.8309514345746567,0.0197229076625481,0.0,0.9198335987317094,0.9198335987388403
10,9,0.75,2,1.670872669425767,0.18014061299438042,17.034087305149097,1.8005692775909885,0.020388837925014055,0.0,0.9198335987317094,0.9198335987388403
10,9,0.75,3,1.678235500818006,0.17207262772498794,17.08642282422529,1.7248147269730625,0.01963591192085299,0.0,0.9198335987317094,0.9198335987388403
10,9,0.75,4,1.6773890472113284,0.17913040357794302,17.129150480025356,1.7936240981763603,0.020213280047909447,0.0,0.9198335987317094,0.9198335987388403
10,9,0.75,5,1.6663579768822767,0.1738302031461412,16.996113053471802,1.741817958585316,0.019768805991373182,0.0,0.9198335987317094,0.9198335987388403
10,9,0.75,6,1.6703223583572158,0.1852283632866075,17.055520626543778,1.847450155865725,0.02026774650642983,0.0,0.9198335987317094,0.9198335987388403
10,9,0.75,7,1.672078405738868,0.18602746732666534,17.05034425134828,1.8546146640696026,0.0206652897697347,0.0,0.9198335987317094,0.9198335987388403
10,9,0.75,8,1.6654812423017051,0.17229444093200158,17.00620876987366,1.728348508545365,0.0192819563262799,0.0,0.9198335987317094,0.9198335987388403
10,9,0.75,9,1.6888226940131499,0.1788577117428855,17.209812608273076,1.7874319799127436,0.0208301918033417,0.0,0.9198335987317094,0.9198335987388403
10,9,0.75,10,1.6704737392744042,0.1810834860830434,17.034746735906097,1.806064247449097,0.020159308282254006,0.0,0.9198335987317094,0.9198335987388403
10,9,0.75,11,1.6703741067346076,0.17829283094021459,17.066176370452226,1.7837376718762714,0.020065917309671926,0.0,0.9198335987317094,0.9198335987388403
10,9,0.75,12,1.6722363127477358,0.18190038302551859,17.052169684249332,1.818685225054766,0.020155667597277445,0.0,0.9198335987317094,0.9198335987388403
10,9,0.75,13,1.694434508376262,0.17527058951562827,17.235165162895424,1.7474371401928346,0.021038033696261546,0.0,0.9198335987317094,0.9198335987388403
10,9,0.75,14,1.6770863860825405,0.17693817320039695,17.085644063646036,1.7728927273986252,0.019683513023199376,0.0,0.9198335987317094,0.9198335987388403
10,9,0.75,15,1.6529422338966602,0.1779463888705245,16.84847978671419,1.774603584147732,0.019475269428624736,0.0,0.9198335987317094,0.9198335987388403
10,9,0.75,16,1.6526721354431455,0.18148657491646597,16.842649903129573,1.8139497187232314,0.01986033527821935,0.0,0.9198335987317094,0.9198335987388403
10,9,0.75,17,1.6919748957410679,0.1825111167368153,17.203430858235922,1.8195811237728172,0.019477507658947155,0.0,0.9198335987317094,0.9198335987388403
10,9,0.75,18,1.6581452191394057,0.1824252340762892,16.95796896760475,1.8297031157813564,0.020140983918093925,0.0,0.9198335987317094,0.9198335987388403
10,9,0.75,19,1.684789399700854,0.17815200061851214,17.12034808806925,1.7820691474927883,0.020897088912867866,0.0,0.9198335987317094,0.9198335987388403
10,9,0.75,20,1.680703391729713,0.17364059158620918,17.14811023054115,1.7400115628515198,0.020300869910343255,0.0,0.9198335987317094,0.9198335987388403
10,9,0.75,21,1.6732499265544671,0.17798566307179992,17.063295909203255,1.781598638275443,0.019726670102543142,0.0,0.9198335987317094,0.9198335987388403
10,9,0.75,22,1.6531066315505485,0.17946922055542364,16.90442653111389,1.7925451825770358,0.01918001997051971,0.0,0.9198335987317094,0.9198335987388403
10,9,0.75,23,1.6778230034299646,0.17726745316217513,17.132614806116653,1.7712572367044692,0.02005781632199244,0.0,0.9198335987317094,0.9198335987388403
10,9,0.75,24,1.6572730025969964,0.18082950921724386,16.936645007894516,1.8096428009618164,0.01907636188648644,0.0,0.9198335987317094,0.9198335987388403
10,9,0.75,25,1.6418568906221929,0.18132600881771344,16.775205629546612,1.810572394045506,0.019123638480086472,0.0,0.9198335987317094,0.9198335987388403
10,9,0.75,26,1.6579394382150006,0.17340768015298563,16.91158040523872,1.7350774333715617,0.020162472568316367,0.0,0.9198335987317094,0.9198335987388403
10,9,0.75,27,1.6413845656690373,0.18149010403346938,16.73350286388727,1.8129485439559279,0.018737438712775608,0.0,0.9198335987317094,0.9198335987388403
10,9,0.75,28,1.663846999402443,0.18293979511143782,16.979003346100814,1.8306834977483604,0.020936580398008182,0.0,0.9198335987317094,0.9198335987388403
10,9,0.75,29,1.6884108027548013,0.17662227434648764,17.242627766349305,1.7686123352422503,0.020516559667561784,0.0,0.9198335987317094,0.9198335987388403
10,9,0.75,30,1.658168067502776,0.1783650903748102,16.900432369488396,1.7852191321283166,0.019521960725084476,0.0,0.9198335987317094,0.9198335987388403
10,9,0.8,1,2.029695335484875,0.28679346239653436,20.908820214172984,2.865298558590048,0.030024703694451385,0.0,1.6367201210400761,1.6367201234066384
10,9,0.8,2,1.9899409381031679,0.2845410149310102,20.55130428512932,2.8447169166236197,0.029167072848051024,0.0,1.6367201210400761,1.6367201234066384
10,9,0.8,3,2.0181378972885726,0.28842816966847384,20.812466547619493,2.8869291377640884,0.029686648652856078,0.0,1.6367201210400761,1.6367201234066384
10,9,0.8,4,2.019561611059243,0.29042965871104237,20.786101701373777,2.907155289811969,0.03081088120949127,0.0,1.6367201210400761,1.6367201234066384
10,9,0.8,5,1.9951782598043208,0.2906223921865364,20.607326334879684,2.91208043919308,0.029227353884121187,0.0,1.6367201210400761,1.6367201234066384
10,9,0.8,6,2.015337740620617,0.2766166277423186,20.77594837895684,2.766241236924352,0.030505208680393595,0.0,1.6367201210400761,1.6367201234066384
10,9,0.8,7,2.0307093219067776,0.289490116538781,20.944564400225577,2.8914818290135305,0.029977848743326135,0.0,1.6367201210400761,1.6367201234066384
10,9,0.8,8,2.0203060159788757,0.2827175456774341,20.805307593633344,2.831213283965454,0.029644373009990645,0.0,1.6367201210400761,1.6367201234066384
10,9,0.8,9,1.993699666194697,0.2744939766268672,20.597556796264378,2.7447076967427044,0.029481312719160206,0.0,1.6367201210400761,1.6367201234066384
10,9,0.8,10,2.022945090781031,0.30975317463923113,20.876818176208438,3.0846672765415053,0.03090497913552739,0.0,1.6367201210400761,1.6367201234066384
10,9,0.8,11,2.0403227093038963,0.28050607033560115,21.043709217341473,2.808851184724497,0.030848600289882438,0.0,1.6367201210400761,1.6367201234066384
10,9,0.8,12,2.027163353429733,0.2795561542565901,20.894980711367165,2.793114718284414,0.030870449556991707,0.0,1.6367201210400761,1.6367201234066384
10,9,0.8,13,2.0300937352492445,0.2875825650489,20.883869203227132,2.870780518549301,0.030786403571942966,0.0,1.6367201210400761,1.6367201234066384
10,9,0.8,14,2.0223154888640567,0.2759618227322186,20.868959325972206,2.767080544020227,0.02968608742819789,0.0,1.6367201210400761,1.6367201234066384
10,9,0.8,15,2.019826478150198,0.29201195309398853,20.79350853786541,2.907930455779449,0.029709509485064768,0.0,1.6367201210400761,1.6367201234066384
10,9,0.8,16,2.001142818260366,0.27149937564983073,20.637850333808256,2.7215416406851456,0.029761259495834757,0.0,1.6367201210400761,1.6367201234066384
10,9,0.8,17,2.0387956888500383,0.2877485609501845,21.034452710598995,2.878588979071893,0.030103569621801322,0.0,1.6367201210400761,1.6367201234066384
10,9,0.8,18,2.0182673895775496,0.28090154917873683,20.904005103541888,2.8229653299566277,0.03056263023848113,0.0,1.6367201210400761,1.6367201234066384
10,9,0.8,19,2.03685733586456,0.2878015798279403,20.971442566186493,2.88062075245426,0.030585423471283364,0.0,1.6367201210400761,1.6367201234066384
10,9,0.8,20,2.00656696795824,0.2743074296369061,20.678928189582,2.7526414773311516,0.029381689655555678,0.0,1.6367201210400761,1.6367201234066384
10,9,0.8,21,2.0290138502843846,0.290645415623627,20.94059491572789,2.9035828354323345,0.030763715987906812,0.0,1.6367201210400761,1.6367201234066384
10,9,0.8,22,2.0172276248713965,0.28286234967023166,20.811336192425173,2.828576353763099,0.03002985472922261,0.0,1.6367201210400761,1.6367201234066384
10,9,0.8,23,2.0222720974612085,0.28525310628067335,20.80777263436961,2.845875841355221,0.03050532762466919,0.0,1.6367201210400761,1.6367201234066384
10,9,0.8,24,2.030933932025495,0.28483968981609964,20.94639391355647,2.848508768744966,0.03086222646737878,0.0,1.6367201210400761,1.6367201234066384
10,9,0.8,25,2.0392217805092945,0.2950696686625627,21.026488987135817,2.9457757235640045,0.03082219353405794,0.0,1.6367201210400761,1.6367201234066384
10,9,0.8,26,2.0084240037710615,0.27877949600361457,20.668482141158456,2.7883825348906064,0.029049029432093556,0.0,1.6367201210400761,1.6367201234066384
10,9,0.8,27,2.022431427229489,0.279173794142578,20.800152572009672,2.7963894437356136,0.0295026965575566,0.0,1.6367201210400761,1.6367201234066384
10,9,0.8,28,2.0402561412686033,0.2805712846676739,20.996900525890847,2.804284251985978,0.030305802513285816,0.0,1.6367201210400761,1.6367201234066384
10,9,0.8,29,2.008990269850758,0.287923060491058,20.748260185706684,2.8791925804459124,0.03014695038302822,0.0,1.6367201210400761,1.6367201234066384
10,9,0.8,30,2.0367643328134806,0.2792514935366043,20.99414017960456,2.7935084275040443,0.030609610884897536,0.0,1.6367201210400761,1.6367201234066384
10,9,0.85,1,2.406393648912116,0.46148560850693754,25.148942606445924,4.610512488321337,0.043854355260510965,0.0,3.00246235338117,3.0024628919554526
10,9,0.85,2,2.433006633894635,0.46272981967140403,25.43086167368036,4.632399220566889,0.04479470399210611,0.0,3.00246235338117,3.0024628919554526
10,9,0.85,3,2.420260440771456,0.4829885879433851,25.305971120024108,4.824977494059665,0.043537945027820775,0.0,3.00246235338117,3.0024628919554526
10,9,0.85,4,2.3923416360327363,0.4727497445815758,25.00154839996124,4.72662871359685,0.04304103292203666,0.0,3.00246235338117,3.0024628919554526
10,9,0.85,5,2.423397275926902,0.4438040928256832,25.299475421695163,4.446550648713432,0.042725818926772165,0.0,3.00246235338117,3.0024628919554526
10,9,0.85,6,2.422154657566888,0.45450850902045853,25.267781523364313,4.538781891163988,0.04369405554280468,0.0,3.00246235338117,3.0024628919554526
10,9,0.85,7,2.395217844855467,0.4524340330426755,25.049103539124463,4.521865125115474,0.04250729137758602,0.0,3.00246235338117,3.0024628919554526
10,9,0.85,8,2.40296663909034,0.4526149720270582,25.15395153937946,4.5336168539124575,0.043188620598455546,0.0,3.00246235338117,3.0024628919554526
10,9,0.85,9,2.4058029356726296,0.4598954062861334,25.13954938907121,4.590063487098799,0.042562708778575035,0.0,3.00246235338117,3.0024628919554526
10,9,0.85,10,2.4134130533403715,0.4682667138297864,25.22973960769568,4.682649751470465,0.04452830188679245,0.0,3.00246235338117,3.0024628919554526
10,9,0.85,11,2.3951682818400006,0.4745104087828077,24.982627058108438,4.747334290515713,0.042308696787673024,0.0,3.00246235338117,3.0024628919554526
10,9,0.85,12,2.3988933122195677,0.4620725120292077,25.03377040300536,4.614813112942069,0.043311084369428515,0.0,3.00246235338117,3.0024628919554526
10,9,0.85,13,2.3961190051932335,0.46966333131017085,24.983078505247743,4.687371426493775,0.04309148396656614,0.0,3.00246235338117,3.0024628919554526
10,9,0.85,14,2.4001732576645782,0.4490427338226387,25.101922441281562,4.50435562771578,0.043135726041304175,0.0,3.00246235338117,3.0024628919554526
10,9,0.85,15,2.4088801134124096,0.4599856095917819,25.153060361169533,4.587050444731227,0.04332905901432985,0.0,3.00246235338117,3.0024628919554526
10,9,0.85,16,2.405052994300036,0.4681227652065014,25.17169237255179,4.675506281412112,0.04414626490897677,0.0,3.00246235338117,3.0024628919554526
10,9,0.85,17,2.377272766140226,0.4467186669806713,24.85814801783277,4.466402705465737,0.04311314584695879,0.0,3.00246235338117,3.0024628919554526
10,9,0.85,18,2.4130925443373092,0.4581311326891866,25.22820630383963,4.588744259475898,0.043235821051668,0.0,3.00246235338117,3.0024628919554526
10,9,0.85,19,2.3980458669046905,0.4653969670101671,25.027180371729848,4.6608220081956535,0.04336782641383343,0.0,3.00246235338117,3.0024628919554526
10,9,0.85,20,2.3980463488504613,0.485224903061344,25.09351293438662,4.846426731408515,0.043231867404124776,0.0,3.00246235338117,3.0024628919554526
10,9,0.85,21,2.417202495348458,0.45807624683424136,25.28228361261514,4.59009556867439,0.04418910406369337,0.0,3.00246235338117,3.0024628919554526
10,9,0.85,22,2.4166767224577126,0.451131251696076,25.32992132850942,4.512926688629187,0.04449408308041197,0.0,3.00246235338117,3.0024628919554526
10,9,0.85,23,2.4081382889929444,0.48071454901839983,25.149798176573377,4.794779795527181,0.04277167790953261,1.5645861148197598e-05,3.00246235338117,3.0024628919554526
10,9,0.85,24,2.396542714012785,0.47921975402864075,25.046367879605835,4.7922066575268385,0.043206454952858554,0.0,3.00246235338117,3.0024628919554526
10,9,0.85,25,2.399504942692451,0.44872110867633985,25.153373315898687,4.487968557833795,0.04282768715798973,0.0,3.00246235338117,3.0024628919554526
10,9,0.85,26,2.4190290179725658,0.44692625162172755,25.256877939682116,4.472301136120533,0.04364647374397932,0.0,3.00246235338117,3.0024628919554526
10,9,0.85,27,2.3687787050248525,0.4657375152927708,24.75648098849207,4.656229681144997,0.04137645607353253,0.0,3.00246235338117,3.0024628919554526
10,9,0.85,28,2.3754437339351133,0.4729102376207372,24.83254689014688,4.724198898343528,0.04249539402060129,0.0,3.00246235338117,3.0024628919554526
10,9,0.85,29,2.380385912502309,0.45769424143417636,24.92809541246503,4.576526281481244,0.0432080652260485,0.0,3.00246235338117,3.0024628919554526
10,9,0.85,30,2.4179433027562705,0.45782679274951077,25.17199172895251,4.574193749224301,0.04339845661976818,0.0,3.00246235338117,3.0024628919554526
10,9,0.9,1,2.8171906001307425,0.8030943925085179,29.90725707016811,8.02551212104101,0.060697242646153546,0.0,6.007539488941801,6.007627272390988
10,9,0.9,2,2.833232646963444,0.8203863352494171,30.12434923947034,8.21593367480646,0.06099154401794739,7.418250875353604e-06,6.007539488941801,6.007627272390988
10,9,0.9,3,2.8482627863265075,0.8274507335180228,30.276177352571995,8.266820205411788,0.061663538788156426,5.426779181888371e-05,6.007539488941801,6.007627272390988
10,9,0.9,4,2.7806161534557856,0.8551062415391131,29.560618152079808,8.54070762255091,0.05912164665319812,4.932863724706741e-06,6.007539488941801,6.007627272390988
10,9,0.9,5,2.768514667318775,0.8146283972044701,29.459224358515733,8.144469742565901,0.058309312021377936,2.9622022986689838e-05,6.007539488941801,6.007627272390988
10,9,0.9,6,2.8112862112251387,0.7945757210102082,29.88725578999702,7.948429988219348,0.05921751285458147,0.0,6.007539488941801,6.007627272390988
10,9,0.9,7,2.8154292038337796,0.8115461749476258,29.914604973876425,8.1187307792877,0.06023193251616944,0.0,6.007539488941801,6.007627272390988
10,9,0.9,8,2.7891855623838575,0.8065227497872721,29.693226014086996,8.075563314474024,0.05925250007418618,1.2361795130441661e-05,6.007539488941801,6.007627272390988
10,9,0.9,9,2.835972672324256,0.7991643996634022,30.143246764623093,8.000598100292384,0.06068951574130462,0.0,6.007539488941801,6.007627272390988
10,9,0.9,10,2.7914264464945666,0.826240205724947,29.647691048974167,8.253287716904769,0.05940877390770202,2.9596087397246083e-05,6.007539488941801,6.007627272390988
10,9,0.9,11,2.8193732057928713,0.7953215743486766,29.958177470011623,7.953964204494455,0.0601849911104645,1.2346746015087724e-05,6.007539488941801,6.007627272390988
10,9,0.9,12,2.7972123665326563,0.8308402930969313,29.722736761536936,8.31031108057267,0.05928176672845707,2.222952228756604e-05,6.007539488941801,6.007627272390988
10,9,0.9,13,2.7891973458041472,0.8876790146341988,29.61323362185012,8.850896991580793,0.05889769141379625,9.600779878734765e-05,6.007539488941801,6.007627272390988
10,9,0.9,14,2.785716276277817,0.8510183990088361,29.655993763369377,8.512764277005468,0.05957525712025316,3.951836986724298e-05,6.007539488941801,6.007627272390988
10,9,0.9,15,2.809125533885645,0.8089724295334679,29.887685300534912,8.07673567021216,0.06034550858587355,7.395647414974707e-06,6.007539488941801,6.007627272390988
10,9,0.9,16,2.7840323440748147,0.8277879484133758,29.564275044606788,8.270163830441376,0.058181288340528096,3.7004600905379234e-05,6.007539488941801,6.007627272390988
10,9,0.9,17,2.8079789736079546,0.8226440692043118,29.875825476494136,8.215144583828009,0.06056784358633898,7.396759726122643e-05,6.007539488941801,6.007627272390988
10,9,0.9,18,2.7837577091136145,0.8281793942519917,29.641100777930856,8.299527407308247,0.05856536031843476,7.423629412419732e-06,6.007539488941801,6.007627272390988
10,9,0.9,19,2.800571734516062,0.8420196423874229,29.738275888044516,8.412838382909044,0.059570249890269225,0.0,6.007539488941801,6.007627272390988
10,9,0.9,20,2.817780116263168,0.8080895825242687,29.906027573484284,8.102731388787369,0.058129747155717816,4.9515368332446184e-05,6.007539488941801,6.007627272390988
10,9,0.9,21,2.803009893493356,0.8254976668740325,29.798040093642147,8.260121505313304,0.05943133953217356,0.0,6.007539488941801,6.007627272390988
10,9,0.9,22,2.799825994703883,0.8084808169861928,29.83652899948877,8.084555383866157,0.0597324386580861,0.0,6.007539488941801,6.007627272390988
10,9,0.9,23,2.801258965497021,0.8260649218699898,29.780420216937323,8.259976966276572,0.0602648010045367,0.0,6.007539488941801,6.007627272390988
10,9,0.9,24,2.806949470135657,0.8763726476862603,29.80117023326396,8.745737438668161,0.059549550660141275,7.392531079432746e-06,6.007539488941801,6.007627272390988
10,9,0.9,25,2.779151845070948,0.8170839577426708,29.564204253173916,8.159690147735105,0.0586905942246497,1.7260595539862112e-05,6.007539488941801,6.007627272390988
10,9,0.9,26,2.783899687158003,0.8049257651996801,29.59790334591483,8.048175742375015,0.059538241604673386,0.0,6.007539488941801,6.007627272390988
10,9,0.9,27,2.7722343864907266,0.8325577783839286,29.483147257730458,8.313714047181884,0.05806633537730132,0.0,6.007539488941801,6.007627272390988
10,9,0.9,28,2.7667872296324054,0.8834758273768772,29.415030829038464,8.829534751458,0.05833827746464946,5.675691015381123e-05,6.007539488941801,6.007627272390988
10,9,0.9,29,2.8041454780149553,0.8242369660015172,29.85994860100269,8.248465046141412,0.060028768728095976,0.0,6.007539488941801,6.007627272390988
10,9,0.9,30,2.772686268396523,0.8339539646423125,29.463457826885076,8.321125704497733,0.0579231514624162,4.927322000492732e-06,6.007539488941801,6.007627272390988
