layout_seed,rho,seed,R3b_L,Concentrated_travel_L,R3b_block,Concentrated_block
0,0.6,1,0.4752623784358464,0.3391645013010542,0.0010663921013440217,0.0
0,0.6,2,0.46211415713314025,0.36991931447189697,0.0006312076487515084,0.0
0,0.6,3,0.46396422025081685,0.3572342076506159,0.0006134285076957395,0.0
0,0.6,4,0.47471321030462227,0.3365724478490385,0.0004632889811348727,0.0
0,0.6,5,0.47322832508281715,0.3524792827896996,0.0006342691913067811,0.0
0,0.6,6,0.4911136051657102,0.33933464783571676,0.0008790564793788001,0.0
0,0.6,7,0.4781015048350796,0.3504214251848231,0.0008679112883866083,0.0
0,0.6,8,0.47982815908195775,0.33995064642826706,0.0004991680532445924,0.0
0,0.6,9,0.47430044822408046,0.350091240530391,0.0006097448310267734,0.0
0,0.6,10,0.46321681572842266,0.3411752352034313,0.0007251631617113851,0.0
0,0.8,1,1.1701859045648966,2.2777101105999837,0.010255701451278507,0.00022040996253030638
0,0.8,2,1.2137632559908726,2.1905148776347976,0.012773951158422042,0.0
0,0.8,3,1.212292659358293,2.0707053822365182,0.009628514895633029,4.175132908397584e-05
0,0.8,4,1.1825937699507854,2.2677117522471324,0.01154982166740972,9.701337398655672e-05
0,0.8,5,1.2164869133321037,2.1406426453913507,0.011064007227743415,4.161580290755743e-05
0,0.8,6,1.2300581068954288,2.257468802754472,0.012320157609223469,1.3815589511204443e-05
0,0.8,7,1.1943762321704188,2.3242338281428827,0.011270179713676515,5.5057741806719795e-05
0,0.8,8,1.2334683918868063,1.9690554275060899,0.012039001927904686,0.0
0,0.8,9,1.2064867041739653,2.2123308197157305,0.011979043622062563,1.386731750610162e-05
0,0.8,10,1.2305514329771632,2.1398413203783977,0.01266687104595747,7.015180851362348e-05
0,1.0,1,2.5115480189774724,14.070046333423432,0.07438840631093778,0.03174813441073873
0,1.0,2,2.4896428963399826,14.244020581210906,0.07442590818985678,0.03257793524522584
0,1.0,3,2.473086802970284,13.778761721500022,0.07250445632798574,0.030445825813782502
0,1.0,4,2.4749617924260323,13.680577541223725,0.07154448050504601,0.028256374913852515
0,1.0,5,2.490078337127719,13.806697112104557,0.0727927728204844,0.02887218045112782
0,1.0,6,2.4917031556066194,14.373502761896816,0.07310988657656359,0.03112265858343604
0,1.0,7,2.4566930405806464,14.01352178251186,0.07136820567565164,0.03194817541648703
0,1.0,8,2.4384385021621364,13.882499334362759,0.06980264695733479,0.028987119307690597
0,1.0,9,2.474346818034201,14.313867406680858,0.07155398497577455,0.03150339992678787
0,1.0,10,2.548831589112151,13.995956583317119,0.07536324975635687,0.03013689489896912
0,1.2,1,3.5976608852295913,25.12647725672778,0.1880466472303207,0.16804862526632294
0,1.2,2,3.5748535701284836,24.859040081031964,0.18309976953386364,0.16256821710471267
0,1.2,3,3.6136262879706122,24.80587075265621,0.18809086012518342,0.1596515607949935
0,1.2,4,3.5885828392844212,25.0645666302835,0.1829638683630572,0.16794672009498368
0,1.2,5,3.569426549189725,25.027111447286643,0.1803275646081752,0.16766817434592415
0,1.2,6,3.5858499331281117,24.965977515483864,0.18348971223818847,0.16259364553140657
0,1.2,7,3.601670818117225,24.85828875221121,0.18424579662990934,0.16082359488035614
0,1.2,8,3.605179752390881,24.978668002221227,0.1840738817595134,0.16616401109863493
0,1.2,9,3.6302123956655246,24.841095778205275,0.19133235185866765,0.1612060822699239
0,1.2,10,3.627002008292963,24.71720445635684,0.1853432711448544,0.15635671499748083
1,0.6,1,0.4384867521176858,0.3511555532462204,0.0005339323194756417,0.0
1,0.6,2,0.4381567494059076,0.3451336432261584,0.00046391656924418714,0.0
1,0.6,3,0.4291807789488595,0.327493160220689,0.0006683747354350006,0.0
1,0.6,4,0.4497788662602785,0.3085015958137374,0.000647273130767666,0.0
1,0.6,5,0.427840640631216,0.3610567184086533,0.00039026928580720695,0.0
1,0.6,6,0.4440760579317824,0.3314557579298475,0.0004632803958267702,0.0
1,0.6,7,0.4467667529468783,0.31991593435236415,0.0005147721214126818,0.0
1,0.6,8,0.44418055120523336,0.341651777204483,0.000465809577044904,0.0
1,0.6,9,0.4471586758417428,0.3363151492663936,0.00046046451660435045,0.0
1,0.6,10,0.42725159187922995,0.33264124064898654,0.0003708098487095817,0.0
1,0.8,1,1.182634398485513,2.160661386141328,0.0106735880744514,5.55000555000555e-05
1,0.8,2,1.2005361011493152,2.2060086192284367,0.01126541711178013,0.0004864827298630899
1,0.8,3,1.201161954244413,2.143758031215902,0.009236556143772638,2.7803264103205717e-05
1,0.8,4,1.2185343926211742,2.276264864879388,0.010640800343162352,5.5280687691754886e-05
1,0.8,5,1.1758308864673839,2.344482332762,0.009640604944472348,8.328590663649866e-05
1,0.8,6,1.170550249928557,2.2540202589500713,0.01045305866796576,9.728437612919365e-05
1,0.8,7,1.2315419033360775,2.141601704043487,0.011119541974201558,0.0
1,0.8,8,1.2180128657574965,2.243709988769817,0.010494212240937132,9.719387400896961e-05
1,0.8,9,1.1966803064692355,2.1422079450575913,0.009528968898890138,4.163775156141568e-05
1,0.8,10,1.1821848742625298,2.251861181609825,0.009896022077885876,0.0
1,1.0,1,2.552445153193709,13.614519913212648,0.07414741474147414,0.029116343827003614
1,1.0,2,2.4648346770233447,14.564005927904008,0.06732597945987068,0.0325313377818735
1,1.0,3,2.5140712010634965,13.836573075147697,0.07087529480143516,0.029964426304461767
1,1.0,4,2.508100609233723,14.166322845257692,0.07084816034232376,0.02909534097833915
1,1.0,5,2.522014647692983,14.287396001126512,0.07080590642234477,0.03197871042856351
1,1.0,6,2.466411616513013,13.748419182057747,0.06691801236709818,0.026980137458573368
1,1.0,7,2.4721130950268675,14.449938356577324,0.0676993115700644,0.03137025078508558
1,1.0,8,2.490687054211917,13.528302284823214,0.06736016750941126,0.02777684853756175
1,1.0,9,2.5761444382609313,13.09499218436237,0.07466345676012942,0.028426644144644724
1,1.0,10,2.5529979365484636,13.215878121896553,0.07380648029789362,0.026623602373022016
1,1.2,1,3.6258546710195843,24.809304202164842,0.1793666570677467,0.1603703497334745
1,1.2,2,3.6759239512140285,24.61428800763103,0.18402398623012714,0.15948529617896892
1,1.2,3,3.6667430868714903,25.080671265334463,0.1825157221019777,0.1697659135296241
1,1.2,4,3.6506222105498423,24.869724846891852,0.18018571814430878,0.16509539009724594
1,1.2,5,3.6600057824802854,24.917508199969017,0.18422681459994272,0.162219374965183
1,1.2,6,3.6591724642982975,25.24017532079786,0.1844862566354465,0.17356019013228197
1,1.2,7,3.615729648772023,24.837445810832968,0.18097180187495387,0.16300549176235646
1,1.2,8,3.614991799357393,25.270111158922923,0.18095008752512295,0.16701604041038332
1,1.2,9,3.6577242186898586,25.198919859219185,0.18337221202873027,0.16569858567977724
1,1.2,10,3.6556234059045223,25.290178590425796,0.18093018505278602,0.17082075340238748
2,0.6,1,0.4414933880679463,0.3751060802490719,0.0006288377598579566,0.0
2,0.6,2,0.4477582906310773,0.3458931419832338,0.0005193745246795645,0.0
2,0.6,3,0.4379517580781405,0.411828142585192,0.0004307438759457637,0.0
2,0.6,4,0.44080606911194903,0.3458044378055192,0.0005946076518572198,0.0
2,0.6,5,0.4411449608721164,0.3208326156395582,0.0005189605960633132,0.0
2,0.6,6,0.44582436195913744,0.33795550365532007,0.0006105231998815955,0.0
2,0.6,7,0.4565335271411507,0.3292384956220128,0.0005882893648313264,0.0
2,0.6,8,0.43890405230600205,0.3436263280813347,0.00046541934282788794,0.0
2,0.6,9,0.44179407389556313,0.3579045943219622,0.0004611099839533726,0.0
2,0.6,10,0.42998728465537556,0.33552127523275826,0.0003539163639750396,0.0
2,0.8,1,1.2273704875827958,2.3203261692561967,0.010330891987696721,0.0002482073910645339
2,0.8,2,1.1528856337199955,2.2094707361089596,0.009701159678858162,0.00015255530129672007
2,0.8,3,1.2052783972321592,2.1769207472840826,0.01058179102000166,4.176876809979951e-05
2,0.8,4,1.199564378552464,2.2802082941685264,0.011202420944501513,2.775195304369545e-05
2,0.8,5,1.2032748736735857,2.28483997569272,0.010446396408878051,0.0001678110447635962
2,0.8,6,1.1731945039817029,2.2941751768279244,0.009572236346712235,5.572039505760096e-05
2,0.8,7,1.1689483038847304,2.1229866103621697,0.009676481581461024,9.706583837151256e-05
2,0.8,8,1.2047941337830905,2.434067506414108,0.01080368906455863,4.147255208261332e-05
2,0.8,9,1.1756120709212146,2.091138565756173,0.010295956648603584,0.00023517693605954127
2,0.8,10,1.1737079953059077,2.2704298215217147,0.008834465598702787,0.0002786330263726159
2,1.0,1,2.5255310996037794,13.786375589025734,0.07155773132221928,0.03028087896508949
2,1.0,2,2.4811414693429583,14.037426698970377,0.06531667000824255,0.031723953754909925
2,1.0,3,2.5391129884945327,13.512041478771069,0.0693897965988663,0.028490948362243647
2,1.0,4,2.497942401504558,14.179356856848019,0.06654626130193875,0.029086904775146548
2,1.0,5,2.476188819426219,13.562218776026214,0.06655472277205703,0.029044903777619386
2,1.0,6,2.482312477259351,14.141474144816971,0.06702284286606586,0.0329559998234697
2,1.0,7,2.583434925055485,13.491564696330247,0.07225373052144705,0.026180692435327786
2,1.0,8,2.52287457262144,14.159155705019291,0.07143412272813066,0.03149597582171838
2,1.0,9,2.521849869956861,13.998234262274188,0.06689742394994343,0.033545938072432745
2,1.0,10,2.5235836352487877,13.597242866942612,0.07019003561087629,0.027443869899044165
2,1.2,1,3.704021341013705,25.10136904516718,0.18320497903854321,0.16934167949628018
2,1.2,2,3.6783327154560106,25.063433842691374,0.18042056900512457,0.16575814884859272
2,1.2,3,3.643334684486974,25.291548978284915,0.1814723173091234,0.17644062459480986
2,1.2,4,3.649264597824126,25.167523362409533,0.18083868823399069,0.16843854746009787
2,1.2,5,3.623099320454751,24.9385691815326,0.1766777884141751,0.16364600091131423
2,1.2,6,3.6318473094469743,25.26242907065055,0.17511632235250327,0.16817169317793204
2,1.2,7,3.675783805832262,24.8550732562567,0.18417443647776746,0.16504809513689328
2,1.2,8,3.64793915457494,25.07242336647677,0.17896087235407312,0.1666296892044299
2,1.2,9,3.633549490079905,25.070555260318717,0.1810689333739421,0.16680893705463182
2,1.2,10,3.685836569850468,24.8164134371834,0.17853379216443313,0.1647662326800301
3,0.6,1,0.4420234327989542,0.34031324002118113,0.0005330000551379367,0.0
3,0.6,2,0.44690093966359257,0.318225662607631,0.0005927133304932486,0.0
3,0.6,3,0.45514342847086386,0.35172637338121693,0.0007031568039672847,0.0
3,0.6,4,0.4293413110868328,0.3548712740765208,0.0005968701620875534,0.0
3,0.6,5,0.45073681005990796,0.3383542598908078,0.0005930538567033619,0.0
3,0.6,6,0.4311815653433734,0.3407310696010717,0.00048427052096332583,0.0
3,0.6,7,0.4569386461981167,0.3429297716286846,0.0007518383364201492,0.0
3,0.6,8,0.4406308171493464,0.3513812555216571,0.00035245886434043814,0.0
3,0.6,9,0.4372516900461946,0.34129167430956076,0.0006673216304891839,0.0
3,0.6,10,0.4393321260680646,0.3638700451814195,0.0005240599674334163,0.0
3,0.8,1,1.183620201925483,1.9515242161831905,0.010006366429540232,2.7785881993359175e-05
3,0.8,2,1.1562424280343773,2.0901919093477486,0.009499798024822053,0.0
3,0.8,3,1.1712039019011309,2.330512343284173,0.01028657448706512,0.00022201870507590265
3,0.8,4,1.2004244886869224,2.409637364077149,0.010104650356920092,0.00030527148348064996
3,0.8,5,1.1863548453675175,2.0193356430997462,0.011874469889737066,6.972819947843307e-05
3,0.8,6,1.1582825042652365,2.109960537448266,0.0100897485924522,8.35421888053467e-05
3,0.8,7,1.166103895565568,2.316097791415589,0.010660477011174738,0.00027725407563491185
3,0.8,8,1.2127148210806162,2.2300051945773505,0.011523952964585263,5.5219636102598086e-05
3,0.8,9,1.2072750257112062,2.011523330294539,0.011113112641512048,0.000333273159012956
3,0.8,10,1.1700293671239437,2.2799234543486615,0.011031662122308163,4.187487786493956e-05
3,1.0,1,2.5038862500362504,13.541477206115033,0.06995125078761483,0.03003950824375924
3,1.0,2,2.494862006359811,13.999243518221022,0.06959018126383959,0.03064771284062298
3,1.0,3,2.479289669466422,14.15328716895575,0.06914632513722165,0.029001791058059206
3,1.0,4,2.482576482184951,14.020351381814317,0.0699388829407566,0.03122404916126889
3,1.0,5,2.5274895964322344,14.157734469659284,0.07053279370183511,0.031462376612669624
3,1.0,6,2.5742729709049663,14.299698212445929,0.07441372841141092,0.028286852589641434
3,1.0,7,2.5375132567682455,13.88459625053039,0.07304802568430808,0.03215829730628533
3,1.0,8,2.4643783102534025,14.336489651605097,0.06818586632230485,0.03043690613622236
3,1.0,9,2.500788982647806,13.543039143473862,0.0717444554049411,0.031226477750719503
3,1.0,10,2.470979667999271,13.015873366369306,0.07007045005414941,0.02645087534464594
3,1.2,1,3.6320020582503836,25.215761397010912,0.18017069385945467,0.1685642902580461
3,1.2,2,3.6713820529889327,25.128942443613038,0.18504983388704319,0.17006077900900568
3,1.2,3,3.648860470982968,25.005462210656194,0.18298562818729716,0.16176306386779812
3,1.2,4,3.6222626721755775,24.900574659665143,0.18011520716022672,0.16657274045879103
3,1.2,5,3.635199454189697,24.83265429722084,0.18292198738723767,0.16321824116350653
3,1.2,6,3.6494755505084564,25.15778575142592,0.18557517073799312,0.16392607346333782
3,1.2,7,3.633199781736425,25.19477262731765,0.18060046189376444,0.16681175795069367
3,1.2,8,3.6296313908960216,25.437979386138196,0.18218349830094166,0.17146894220646092
3,1.2,9,3.6151896631393385,25.23415850964559,0.18238100071044352,0.16722093762378973
3,1.2,10,3.636474430257312,25.124645180540096,0.17865132928147956,0.165291869321405
4,0.6,1,0.5638870992002537,0.3423830867490285,0.0014728353922344754,0.0
4,0.6,2,0.558436846424799,0.3675959872163462,0.0019870747288664387,0.0
4,0.6,3,0.578897495651198,0.37712770265479406,0.0019859314389650885,0.0
4,0.6,4,0.5611936796171297,0.3748592961620382,0.0013666500452471976,0.0
4,0.6,5,0.5615034828112366,0.34727266095260895,0.001594896331738437,0.0
4,0.6,6,0.5515422506322274,0.32430337955642985,0.001517113783533765,0.0
4,0.6,7,0.559886959094401,0.36313090591655744,0.0017392591496132924,0.0
4,0.6,8,0.5619914896124164,0.3419185185893678,0.0017597806757557795,0.0
4,0.6,9,0.5786356096577729,0.3173250803843883,0.0020980424351887328,0.0
4,0.6,10,0.5576880247135025,0.35152635809014576,0.0021815334128878284,0.0
4,0.8,1,1.3165512563211357,2.2530621563549444,0.01639958376690947,0.0
4,0.8,2,1.2958939101058422,2.1735754967073184,0.016767952720785014,0.0
4,0.8,3,1.2935544983242393,2.1542646933620193,0.017030134536665784,0.00029088692809552173
4,0.8,4,1.3247994340612366,2.2226401156812936,0.01826832380846696,0.00015237567530128825
4,0.8,5,1.356441356919262,2.277388878445143,0.019525204510280787,6.927126627874758e-05
4,0.8,6,1.2877835309579306,2.262621551589707,0.017549261083743842,0.00019411552646903858
4,0.8,7,1.3397042991314634,2.1575057383351965,0.01870800033184923,0.00023472881917596376
4,0.8,8,1.328479176272954,2.158014153137261,0.01835193014068889,5.551314967732982e-05
4,0.8,9,1.27603187895107,2.229954923917262,0.01744696874607757,0.00027776234653630353
4,0.8,10,1.2876589395451383,2.3254392294996213,0.0177630484219868,0.00040261561315581225
4,1.0,1,2.4080930405073713,14.32306444777014,0.08080864026585434,0.03217318238103662
4,1.0,2,2.3965682792591685,13.982344583163083,0.07784001792516244,0.0311565748962563
4,1.0,3,2.466623520553412,13.895504271613976,0.08293349326935892,0.02956312518101009
4,1.0,4,2.4642623912810278,13.63754550193422,0.08680970727602852,0.027884732748194096
4,1.0,5,2.4413949077807984,14.089232334816133,0.08281762124326426,0.027910180771752054
4,1.0,6,2.438337021762893,13.502761782009252,0.08348561872168876,0.028403395041101384
4,1.0,7,2.4446360949537027,13.441531795503977,0.08485967258779445,0.028316425522479073
4,1.0,8,2.470628135036127,13.450141941890996,0.08779365061800799,0.025973012155681943
4,1.0,9,2.461184723553536,13.83646137201074,0.0845277268611559,0.028646322984526563
4,1.0,10,2.4070045187788742,13.531361930243438,0.07746998457307666,0.02617900537664457
4,1.2,1,3.4490413795503074,24.997247769330215,0.19401419144647836,0.16686864575335117
4,1.2,2,3.3945273369762523,24.64478029633723,0.1871666202025834,0.1604932526756631
4,1.2,3,3.373882890458441,24.880432751259036,0.18351210313570634,0.1699118975346117
4,1.2,4,3.4037866128226226,24.86375434833143,0.1898714199507961,0.1639697850517468
4,1.2,5,3.3397861914954867,25.276673607180943,0.18244553864518054,0.1689167916736115
4,1.2,6,3.3850616047281163,25.084319582661713,0.1907201270052242,0.16666974561711403
4,1.2,7,3.3573584093200877,24.85698957356281,0.1825671154933232,0.16275948875047433
4,1.2,8,3.470056602154384,25.382591820574067,0.1952518304859108,0.1738285587386187
4,1.2,9,3.428346076569613,25.12275144566441,0.19208627783825674,0.16530281248848097
4,1.2,10,3.422546994253125,25.224260729572606,0.19252327832580438,0.17179703194867474
