rho,seed,t_r3a,L_r3a,block_r3a,t_r1,block_r1,t_c_analytic,L_c_analytic
0.2,1,0.002482642160907571,0.0004940457900206066,0.0,0.2505540612346776,7.36105999263894e-05,0.0009578544061302684,0.0009578544061302684
0.2,2,0.003011590345645718,0.0005995072514732075,0.0,0.242744227184555,0.0,0.0009578544061302684,0.0009578544061302684
0.2,3,0.002614967429274334,0.0005175311094470493,0.0,0.2498906801347002,0.0,0.0009578544061302684,0.0009578544061302684
0.2,4,0.003916361186500726,0.000786144235503579,0.0,0.2383921612142852,0.0,0.0009578544061302684,0.0009578544061302684
0.2,5,0.0024391467036477157,0.00048717890160857036,0.0,0.22944843271512272,0.0,0.0009578544061302684,0.0009578544061302684
0.2,6,0.002876070582186133,0.0005723167416285058,0.0,0.25180152221508395,0.0,0.0009578544061302684,0.0009578544061302684
0.2,7,0.0037246759009339765,0.0007471699857273556,0.0,0.24991142810171377,0.0,0.0009578544061302684,0.0009578544061302684
0.2,8,0.0018277333862381773,0.0003645989636399564,0.0,0.24190921125137724,0.0,0.0009578544061302684,0.0009578544061302684
0.2,9,0.0034252189945617093,0.000687758602115439,0.0,0.2569048210020902,0.0,0.0009578544061302684,0.0009578544061302684
0.2,10,0.0031772147531162996,0.0006379376525775586,0.0,0.25072933427947025,0.0,0.0009578544061302684,0.0009578544061302684
0.2,11,0.003488890709427531,0.0006970028328389668,0.0,0.23895706840908035,0.0,0.0009578544061302684,0.0009578544061302684
0.2,12,0.0029041274576559408,0.0005757701585493427,0.0,0.24613011057133538,0.0,0.0009578544061302684,0.0009578544061302684
0.2,13,0.004059426496763492,0.0008188314291360493,0.0,0.24286836041566884,0.0,0.0009578544061302684,0.0009578544061302684
0.2,14,0.003043038671684021,0.0006089909317991643,0.0,0.24266734841147378,3.719407870267054e-05,0.0009578544061302684,0.0009578544061302684
0.2,15,0.003703162982644763,0.0007443631903485059,0.0,0.23980197741864948,0.0,0.0009578544061302684,0.0009578544061302684
0.3,1,0.02406777090224476,0.004809156612432246,0.0,0.638199039352883,0.00014660248735553548,0.008631100376500635,0.008631100376500635
0.3,2,0.022619575880169975,0.004527042821093969,0.0,0.6279057362384479,0.0001238451440319025,0.008631100376500635,0.008631100376500635
0.3,3,0.02274887869490757,0.00450674946470917,0.0,0.6151480535352525,0.00029796637946018423,0.008631100376500635,0.008631100376500635
0.3,4,0.02628595262054342,0.005298988433954684,0.0,0.6443106585835426,0.00017241379310344826,0.008631100376500635,0.008631100376500635
0.3,5,0.017761156218857464,0.003532145788096834,0.0,0.6518154479553413,0.000171661189857276,0.008631100376500635,0.008631100376500635
0.3,6,0.02092634224626684,0.004171524234345944,0.0,0.6432922804057104,0.00012305874824641283,0.008631100376500635,0.008631100376500635
0.3,7,0.02718175720532818,0.0054491033765446785,0.0,0.6376589446214227,9.83574309039048e-05,0.008631100376500635,0.008631100376500635
0.3,8,0.020516410469594258,0.00407227951809813,0.0,0.6600647965734804,2.4605693757535495e-05,0.008631100376500635,0.008631100376500635
0.3,9,0.02591987965862185,0.005216231781966211,0.0,0.6613644416387655,9.797917942437232e-05,0.008631100376500635,0.008631100376500635
0.3,10,0.02306215999623172,0.004644206530796708,0.0,0.6293075159306647,0.00014741290354282344,0.008631100376500635,0.008631100376500635
0.3,11,0.022998066745382753,0.004599306327251203,0.0,0.6495105048576124,9.90049997524875e-05,0.008631100376500635,0.008631100376500635
0.3,12,0.024957776952297072,0.004946323271242165,0.0,0.6349192854344172,0.0003241248628702503,0.008631100376500635,0.008631100376500635
0.3,13,0.0231763915342085,0.004656566251658306,0.0,0.6424507068705779,0.00019652156824211456,0.008631100376500635,0.008631100376500635
0.3,14,0.027216870537776126,0.00546474439108859,0.0,0.638607493841215,0.00019828975089850043,0.008631100376500635,0.008631100376500635
0.3,15,0.024118867547802323,0.004876060832293724,0.0,0.636996453975455,0.00014816644030127176,0.008631100376500635,0.008631100376500635
0.4,1,0.09941073437074095,0.019895401638730957,0.0,1.2882716536726107,0.0008708541782471744,0.03980099502400652,0.03980099502400487
0.4,2,0.0918933663506201,0.018315028605281187,0.0,1.336485200816645,0.001390691637307621,0.03980099502400652,0.03980099502400487
0.4,3,0.09900388970790404,0.019643105080194147,0.0,1.3079257068549872,0.0010028413839211097,0.03980099502400652,0.03980099502400487
0.4,4,0.09056878083270405,0.01813086360292032,0.0,1.310656561067564,0.001072465376010059,0.03980099502400652,0.03980099502400487
0.4,5,0.08188909591303696,0.016264690913068272,0.0,1.3565689404053753,0.000975573839895448,0.03980099502400652,0.03980099502400487
0.4,6,0.0917697232594563,0.018333693671235145,0.0,1.325256999515907,0.000848598889442323,0.03980099502400652,0.03980099502400487
0.4,7,0.09575069885337706,0.019221775478706456,0.0,1.2670020206200645,0.0006141248720573184,0.03980099502400652,0.03980099502400487
0.4,8,0.08921897802978056,0.0177473069334202,0.0,1.316258935283294,0.0010738553257669734,0.03980099502400652,0.03980099502400487
0.4,9,0.10291842870161866,0.02079752736440376,0.0,1.2931114270495694,0.0007389208061625996,0.03980099502400652,0.03980099502400487
0.4,10,0.09544549921951437,0.01911341031226254,0.0,1.2921265360540453,0.0011122851899226962,0.03980099502400652,0.03980099502400487
0.4,11,0.09102849021374364,0.01812873943116185,0.0,1.3128764100876846,0.0012763832109361994,0.03980099502400652,0.03980099502400487
0.4,12,0.09787723790804784,0.019497145791283126,0.0,1.3306479592218603,0.001147595602117499,0.03980099502400652,0.03980099502400487
0.4,13,0.0979769421481007,0.019659980635925185,0.0,1.29940118198518,0.00083191599497153,0.03980099502400652,0.03980099502400487
0.4,14,0.0923253048708142,0.018465402919736435,0.0,1.266901062778149,0.0008736871456455061,0.03980099502400652,0.03980099502400487
0.4,15,0.10297049121810595,0.02090148422851672,0.0,1.327825706031768,0.0009826643181607491,0.03980099502400652,0.03980099502400487
0.5,1,0.2560580998324331,0.051180581158287095,0.0,2.389382756893506,0.004552150854449028,0.13037129552829793,0.13037129552038323
0.5,2,0.27813096207354215,0.05567069336864019,0.0,2.403634347350694,0.0037047465212430167,0.13037129552829793,0.13037129552038323
0.5,3,0.25695910203241795,0.05084510853116662,0.0,2.3667658974413994,0.004342201139084271,0.13037129552829793,0.13037129552038323
0.5,4,0.2752133758222812,0.05510628003353517,0.0,2.3763533581349834,0.004054393986475489,0.13037129552829793,0.13037129552038323
0.5,5,0.2730634159133464,0.05454552980927428,0.0,2.3274881650365646,0.0031759759043330452,0.13037129552829793,0.13037129552038323
0.5,6,0.26353059920390615,0.05248124039612724,0.0,2.313680385871068,0.003709725096068578,0.13037129552829793,0.13037129552038323
0.5,7,0.2813627067124639,0.05652686389019597,0.0,2.3282990348064527,0.0033626142474113795,0.13037129552829793,0.13037129552038323
0.5,8,0.2584525039471043,0.051555964396808984,0.0,2.309614075551676,0.0035033549076658155,0.13037129552829793,0.13037129552038323
0.5,9,0.2935660031937467,0.059362960059151496,0.0,2.3760808914220872,0.0035281146637265713,0.13037129552829793,0.13037129552038323
0.5,10,0.2770641927101074,0.055400524577901025,0.0,2.3058670476552803,0.0036396048429027704,0.13037129552829793,0.13037129552038323
0.5,11,0.2669476238529943,0.053099243947031305,0.0,2.3845549213436277,0.00366728280961183,0.13037129552829793,0.13037129552038323
0.5,12,0.2742749308188509,0.054684832979414344,0.0,2.3759026118311115,0.004014517443152359,0.13037129552829793,0.13037129552038323
0.5,13,0.2619111953282981,0.052407072127142594,0.0,2.389521727067339,0.0034744296760648758,0.13037129552829793,0.13037129552038323
0.5,14,0.293291519200617,0.05892074543656366,0.0,2.296375751011432,0.003002464709836433,0.13037129552829793,0.13037129552038323
0.5,15,0.2778377072404252,0.05607629316089863,0.0,2.3761236986452094,0.0038681266365151153,0.13037129552829793,0.13037129552038323
0.6,1,0.620789248082353,0.1241900386885934,0.0,3.8520401313075165,0.0113806749748052,0.35422640570516495,0.3542263983079311
0.6,2,0.6590340390867974,0.1318937760479973,0.0,3.9993192350585884,0.01169749392297916,0.35422640570516495,0.3542263983079311
0.6,3,0.622645560094386,0.1234821450400518,0.0,3.8122048055264113,0.011752758616419185,0.35422640570516495,0.3542263983079311
0.6,4,0.6121550367153576,0.12250151665219906,0.0,3.880201023289086,0.011488147443578373,0.35422640570516495,0.3542263983079311
0.6,5,0.668286636344204,0.1336451343005883,0.0,3.963215063116817,0.011305279491631877,0.35422640570516495,0.3542263983079311
0.6,6,0.6287598502782493,0.1252179123062777,0.0,3.9132934060768436,0.011155595770789692,0.35422640570516495,0.3542263983079311
0.6,7,0.671923070833523,0.1348318794458455,0.0,3.8098046626042654,0.010657062153861335,0.35422640570516495,0.3542263983079311
0.6,8,0.6339717368464828,0.12674235943949258,0.0,3.9064657931784947,0.01077649837614408,0.35422640570516495,0.3542263983079311
0.6,9,0.660166353489215,0.13363998318449036,0.0,3.9191713247122584,0.011005342995762451,0.35422640570516495,0.3542263983079311
0.6,10,0.6517161351266334,0.1302074640179795,0.0,3.998390986125277,0.012444149034378347,0.35422640570516495,0.3542263983079311
0.6,11,0.6345113255992914,0.12588078022037494,0.0,3.9183126810686675,0.010133630289532293,0.35422640570516495,0.3542263983079311
0.6,12,0.6536530051605463,0.130688638123136,0.0,3.935069338949863,0.011815013471092765,0.35422640570516495,0.3542263983079311
0.6,13,0.6534997470677538,0.1312066134149811,0.0,3.8246932961481135,0.010804943631743839,0.35422640570516495,0.3542263983079311
0.6,14,0.6440453032254375,0.12902341270344486,0.0,3.917164923920006,0.012058411387270448,0.35422640570516495,0.3542263983079311
0.6,15,0.6518075034270903,0.1313044972090232,0.0,3.9506801895435455,0.01215531099295165,0.35422640570516495,0.3542263983079311
0.7,1,1.3232670776966091,0.2650622980649179,0.0,5.919034566891252,0.025982362721781407,0.8814313235280582,0.881429071574559
0.7,2,1.384380273501642,0.27731920868118803,0.0,5.998224171079789,0.026978569017887276,0.8814313235280582,0.881429071574559
0.7,3,1.4119128518782464,0.2808855754020748,0.0,5.951962335698098,0.025057285920393788,0.8814313235280582,0.881429071574559
0.7,4,1.3918723518255385,0.2788739496300674,0.0,5.992208386993864,0.02601715440017768,0.8814313235280582,0.881429071574559
0.7,5,1.3825814941619259,0.2758305584181836,5.3041393503490124e-05,5.961365434038934,0.026419562528412394,0.8814313235280582,0.881429071574559
0.7,6,1.3269028865551111,0.2643826898705745,0.0,5.956857816449055,0.02523866538106994,0.8814313235280582,0.881429071574559
0.7,7,1.4305372927804803,0.28684780867413284,0.0,5.87524823675461,0.025571492129404037,0.8814313235280582,0.881429071574559
0.7,8,1.3693179493428216,0.2739760214427749,0.0,5.778718501558027,0.02425416835246268,0.8814313235280582,0.881429071574559
0.7,9,1.4202375488183332,0.28570181532485883,0.0,5.920748419650852,0.02727473382172099,0.8814313235280582,0.881429071574559
0.7,10,1.3158454568158167,0.26192147493003526,0.0,6.029743027581702,0.027454964966871998,0.8814313235280582,0.881429071574559
0.7,11,1.365076969094264,0.2722902418204569,0.0,5.900855849938625,0.0254639437335819,0.8814313235280582,0.881429071574559
0.7,12,1.3963254003553747,0.2786305613117186,0.0,6.007670882745398,0.026891820580474932,0.8814313235280582,0.881429071574559
0.7,13,1.3728071810559452,0.275209343092409,0.0,5.9259067973665145,0.02568402283967651,0.8814313235280582,0.881429071574559
0.7,14,1.3778600348006322,0.27584337181505114,0.0,5.905878231436917,0.024822544761097572,0.8814313235280582,0.881429071574559
0.7,15,1.3784915801206652,0.27745563497838016,0.0,5.78693718120905,0.024206613933098257,0.8814313235280582,0.881429071574559
0.8,1,2.8113090821475266,0.5633848734944897,9.239923863027368e-05,8.622329621016354,0.052865503533568906,2.198751640709259,2.1984498247757425
0.8,2,2.9559810675066074,0.5907709147740808,1.853774284443126e-05,8.5833896453156,0.04952054477231667,2.198751640709259,2.1984498247757425
0.8,3,2.9893363304756675,0.5962624276450177,0.00017637011733254122,8.585323359531253,0.05013777682937012,2.198751640709259,2.1984498247757425
0.8,4,2.91852012703121,0.5814080883691387,0.0,8.664791164729337,0.052030703010262046,2.198751640709259,2.1984498247757425
0.8,5,2.911314474926306,0.581157673749419,0.00010203513719087991,8.631052857752254,0.050510577912983794,2.198751640709259,2.1984498247757425
0.8,6,3.0072064532974037,0.6014492298877288,0.000175898238240277,8.5383937628527,0.04978711588300629,2.198751640709259,2.1984498247757425
0.8,7,3.071049947477506,0.6151502617610104,7.39610779827116e-05,8.455506813314543,0.048314950129191785,2.198751640709259,2.1984498247757425
0.8,8,3.2025253238971008,0.64237380363531,0.0003230540607895441,8.738679752053905,0.052079579371459725,2.198751640709259,2.1984498247757425
0.8,9,2.6804291837764924,0.5365334139293093,2.7773663161013184e-05,8.520334773871852,0.049886369935147716,2.198751640709259,2.1984498247757425
0.8,10,3.1377724636772855,0.6278410626530163,0.0003238341968911917,8.577968067958794,0.04963756697132052,2.198751640709259,2.1984498247757425
0.8,11,2.949768085894124,0.58718448154379,0.00010232558139534884,8.461015576302938,0.047502252942761315,2.198751640709259,2.1984498247757425
0.8,12,3.0028202823982912,0.5995702450231272,0.0001483748319191357,8.864755321748742,0.053351661531081056,2.198751640709259,2.1984498247757425
0.8,13,2.9892476856308745,0.5975899592486738,0.00015745989403875366,8.533910391851899,0.050211338103889364,2.198751640709259,2.1984498247757425
0.8,14,3.022368141323585,0.6032249163417264,0.00011134100967738943,8.549325436983176,0.05006350648507829,2.198751640709259,2.1984498247757425
0.8,15,2.9326384586158087,0.5869838799278299,0.00023124809220323933,8.639053754192624,0.05114333982626035,2.198751640709259,2.1984498247757425
0.9,1,6.580529174426123,1.3112340038727746,0.003375596904330644,11.447876843096212,0.08243548188569319,5.889167424374279,5.8695615372367875
0.9,2,7.025257345776523,1.4002628344426322,0.0037767209176033044,11.748239165610611,0.08587184657804849,5.889167424374279,5.8695615372367875
0.9,3,7.048575527048922,1.4052341241775967,0.004324235448865505,11.566737999969368,0.08417566952274515,5.889167424374279,5.8695615372367875
0.9,4,6.903202692228172,1.3778930958333115,0.0037138678454636583,11.507392774814027,0.08193441624198315,5.889167424374279,5.8695615372367875
0.9,5,6.914292408065338,1.3789407092713581,0.0033007103523775816,11.603183779159355,0.08419360158311345,5.889167424374279,5.8695615372367875
0.9,6,7.036107911933848,1.4064341929968502,0.0029886038950376038,11.727039615556137,0.08514953931052606,5.889167424374279,5.8695615372367875
0.9,7,7.084351275613196,1.4148923323607818,0.0030084334774531886,11.52811317039459,0.08222833449649,5.889167424374279,5.8695615372367875
0.9,8,7.127004822617527,1.419237099840961,0.003904448105436573,11.738370479049289,0.08617393943868804,5.889167424374279,5.8695615372367875
0.9,9,6.9909297007642435,1.397630053311952,0.003339870836444802,11.557119512504068,0.08282886360836174,5.889167424374279,5.8695615372367875
0.9,10,7.071839610898355,1.4065640362584653,0.0038418731192547094,11.719280759442842,0.08547093277817708,5.889167424374279,5.8695615372367875
0.9,11,6.707951365173431,1.331502187786539,0.002927797535356877,11.766104802111045,0.08515004904102137,5.889167424374279,5.8695615372367875
0.9,12,6.833641606739728,1.354830680553055,0.004751398563838138,11.368986534742847,0.07938640132669983,5.889167424374279,5.8695615372367875
0.9,13,7.244042160274268,1.4462732493526338,0.003982951325871117,11.484513057256024,0.0808664200439966,5.889167424374279,5.8695615372367875
0.9,14,7.033374778722091,1.4022932419916585,0.002815811357105807,11.558019789081731,0.08410476033602372,5.889167424374279,5.8695615372367875
0.9,15,6.854899210466839,1.371089503304434,0.0034199670305336623,11.598691621163297,0.08439637033140453,5.889167424374279,5.8695615372367875
1.0,1,15.622013934929353,3.025063969936563,0.03422207771094131,14.905581616660976,0.12358858702909625,14.303115310792851,13.876289152024444
1.0,2,15.236596484675553,2.9474640384386683,0.030934109159999407,14.993110356326572,0.12378716744913928,14.303115310792851,13.876289152024444
1.0,3,15.754194108543311,3.0360889052047098,0.03599750974608304,14.82518086521106,0.1228868466911929,14.303115310792851,13.876289152024444
1.0,4,15.384391776134285,2.978296524880384,0.034064699272576736,14.955169266699823,0.12365328472561835,14.303115310792851,13.876289152024444
1.0,5,14.774830411094904,2.864915640671499,0.030570143924859815,15.083518631273957,0.12717272868780158,14.303115310792851,13.876289152024444
1.0,6,16.09719025342728,3.1274997621399465,0.034064210115413225,14.796067939844374,0.12141909961700016,14.303115310792851,13.876289152024444
1.0,7,14.84208302982093,2.8702426386349993,0.031775229561940926,14.871305322113354,0.12250304235552521,14.303115310792851,13.876289152024444
1.0,8,15.337986204503283,2.9764286503144826,0.033168218158732034,15.0924164782963,0.12575387123064385,14.303115310792851,13.876289152024444
1.0,9,15.553436440217451,3.022082981727583,0.03231566055276011,14.971559341349085,0.12406953404486976,14.303115310792851,13.876289152024444
1.0,10,15.664210992979262,3.0268976596505173,0.03400050371116609,14.749679867818749,0.12104992816359346,14.303115310792851,13.876289152024444
1.0,11,15.264783712922155,2.944704112672432,0.031522418255928115,15.118916094414823,0.12652214193070224,14.303115310792851,13.876289152024444
1.0,12,14.823795419750692,2.8698103292353707,0.030702470143164455,15.054451435976734,0.12445705036345142,14.303115310792851,13.876289152024444
1.0,13,15.129056963923293,2.932564946021538,0.03142884642436716,15.161327052169147,0.12754752557653073,14.303115310792851,13.876289152024444
1.0,14,15.942319481641135,3.0796985318377614,0.03626874057426738,15.003487034841738,0.12601647071010513,14.303115310792851,13.876289152024444
1.0,15,14.871481235498383,2.888028385678979,0.025941117897959488,14.983315009310267,0.12541928604749317,14.303115310792851,13.876289152024444
1.1,1,23.92065490537008,4.335860427509431,0.09340033816783094,18.53734745038524,0.17052726091005943,23.70555442647305,21.45782655511549
1.1,2,24.2853085512515,4.383514829339331,0.09865881055194586,18.364388284116703,0.1669109947643979,23.70555442647305,21.45782655511549
1.1,3,24.063019696647114,4.336439628916222,0.09669992843543661,18.713170223074748,0.17088423992606036,23.70555442647305,21.45782655511549
1.1,4,24.181509870531887,4.372052181653625,0.09726817851666532,18.646437197357468,0.17211813914704183,23.70555442647305,21.45782655511549
1.1,5,24.173830109354583,4.362807139061234,0.0963753844493606,18.394656980955805,0.1661846586301962,23.70555442647305,21.45782655511549
1.1,6,24.173198973623887,4.374953146213878,0.09472925355234701,18.672825410928677,0.17000768929838525,23.70555442647305,21.45782655511549
1.1,7,23.6866817406921,4.296972267950539,0.09475290179921633,18.818436996288433,0.17453915891048913,23.70555442647305,21.45782655511549
1.1,8,23.683400456846282,4.295197502000141,0.09048419886666802,18.59786708513907,0.16818442250008425,23.70555442647305,21.45782655511549
1.1,9,24.36916857842368,4.400995048186987,0.10084557664840507,18.423341662204926,0.16729462423467673,23.70555442647305,21.45782655511549
1.1,10,23.97695374298122,4.327692819615419,0.09381867853206294,18.697099914919992,0.17023244509556376,23.70555442647305,21.45782655511549
1.1,11,24.053391296517688,4.342481026541627,0.0978481089340163,18.55839069757493,0.16892521156986867,23.70555442647305,21.45782655511549
1.1,12,23.874769690793503,4.313638895361341,0.0953819594302978,18.612969701447422,0.17059960794088125,23.70555442647305,21.45782655511549
1.1,13,24.18194768883071,4.377356687096829,0.09955578782336033,18.36102746654847,0.16727397870359123,23.70555442647305,21.45782655511549
1.1,14,24.039160737539987,4.3425476606802285,0.09569116655428186,18.766709085324685,0.1744848838848718,23.70555442647305,21.45782655511549
1.1,15,23.543598033297982,4.280411589686107,0.09151180243789164,18.76142754743126,0.17139280209462143,23.70555442647305,21.45782655511549
1.2,1,29.891210951568176,4.99626726365805,0.16503644863271372,22.06506852797026,0.21554559227462525,30.107091275993483,25.077853750900168
1.2,2,30.055166446556264,5.007258471179482,0.16471585879906164,22.120195173100594,0.21486339203883975,30.107091275993483,25.077853750900168
1.2,3,30.190730697486465,5.021360721138341,0.16816301327570238,22.467096012920106,0.21913358740843397,30.107091275993483,25.077853750900168
1.2,4,30.47543578017961,5.063057125981417,0.17180999039858194,22.436161536678352,0.21779510724150503,30.107091275993483,25.077853750900168
1.2,5,30.104733139918295,5.019961629313296,0.1641023419319701,21.91057401821177,0.21194263169648395,30.107091275993483,25.077853750900168
1.2,6,29.879987107885015,4.999749314689563,0.1650751601774273,22.409363561302666,0.21816603350716998,30.107091275993483,25.077853750900168
1.2,7,29.9064867824613,5.006087824708649,0.1628808693236193,22.042570449469874,0.215634455078728,30.107091275993483,25.077853750900168
1.2,8,30.27783926205673,5.030910655111967,0.1705723548772821,22.3692040183254,0.21814637276131604,30.107091275993483,25.077853750900168
1.2,9,30.14803424067519,5.034763105223302,0.16790108267716536,22.405226029570855,0.221106020741722,30.107091275993483,25.077853750900168
1.2,10,30.1369088409226,5.007006048195174,0.1677603300162658,22.362270893696547,0.2184754450070793,30.107091275993483,25.077853750900168
1.2,11,30.05717858685685,5.012033304980694,0.16463908663034132,22.476337062398866,0.21987985246771188,30.107091275993483,25.077853750900168
1.2,12,30.189230154994206,5.03242049299335,0.1652994232231502,22.272533996187228,0.2181050888509923,30.107091275993483,25.077853750900168
1.2,13,30.013651007547352,5.003686534874962,0.16758819214576745,22.207143186092978,0.21791886864505955,30.107091275993483,25.077853750900168
1.2,14,29.893524649891056,4.99963580686285,0.16114310483621277,22.19252294732565,0.2191521970615571,30.107091275993483,25.077853750900168
1.2,15,30.16262536061469,5.042303664641147,0.1636680316477978,21.972244499819535,0.21246667906515404,30.107091275993483,25.077853750900168
1.3,1,34.69056830435492,5.345233022479654,0.23011303778366218,26.138958054304016,0.26547352298834276,34.675446363065156,26.67215515332572
1.3,2,34.70960751688402,5.330205144868537,0.23302368999237275,26.218642040239434,0.264906468103517,34.675446363065156,26.67215515332572
1.3,3,34.68351584236481,5.335667223409066,0.22828087665344293,25.998716072353727,0.26413265364307137,34.675446363065156,26.67215515332572
1.3,4,34.909268335308,5.356800025133085,0.2324919912901718,25.966127066473184,0.26201371692019765,34.675446363065156,26.67215515332572
1.3,5,34.64556637136688,5.331701845625431,0.22873412877468144,25.814264857925373,0.25941300414538626,34.675446363065156,26.67215515332572
1.3,6,34.77990522267384,5.347294426041005,0.23351874683954252,25.955689128409023,0.26558012840562073,34.675446363065156,26.67215515332572
1.3,7,34.628337054808405,5.343399506150945,0.22891312394999858,25.752218289076133,0.2611795684338915,34.675446363065156,26.67215515332572
1.3,8,34.80997007862454,5.34147365842556,0.23371241874708287,25.978156080526613,0.26316539707156866,34.675446363065156,26.67215515332572
1.3,9,34.78202572649871,5.352283289764353,0.23355642217718817,25.87357418778241,0.26301679531526007,34.675446363065156,26.67215515332572
1.3,10,34.605260803498915,5.312908870032176,0.22940739045875758,26.01789567488381,0.2613820673900628,34.675446363065156,26.67215515332572
1.3,11,34.69059632577216,5.3273252229076045,0.23146416024090888,25.89817420789204,0.2621880515682388,34.675446363065156,26.67215515332572
1.3,12,34.644734801947514,5.327683977146281,0.22917904309281178,26.015355297737067,0.2626783741615133,34.675446363065156,26.67215515332572
1.3,13,34.399940416156696,5.320321813315497,0.2283579628481916,26.0122223138945,0.2650987257164293,34.675446363065156,26.67215515332572
1.3,14,34.61088334650145,5.332648650784306,0.2291946997514083,25.755550652176623,0.2590376222938475,34.675446363065156,26.67215515332572
1.3,15,34.73450811683495,5.338766743847083,0.23029991724452814,25.89196347575385,0.26395502984165997,34.675446363065156,26.67215515332572
1.4,1,38.37916782080899,5.49974074417285,0.28499997359986906,29.453520274896036,0.3052953576466486,38.500873550566304,27.500475201244363
1.4,2,38.2580035824677,5.482183919993311,0.28243324165487566,29.607284691606942,0.30599600019097234,38.500873550566304,27.500475201244363
1.4,3,38.49228104558324,5.493641118383503,0.28198480678424465,29.846787547291783,0.3103060448612343,38.500873550566304,27.500475201244363
1.4,4,38.58002862014334,5.510807272998944,0.28562355780426363,29.479710980226105,0.3035043605576421,38.500873550566304,27.500475201244363
1.4,5,38.54075171884947,5.498228679038247,0.28443814588939664,29.593102064578467,0.3047880965249738,38.500873550566304,27.500475201244363
1.4,6,38.46149121561285,5.498394359440409,0.2848612221345799,29.576358232073048,0.307650964274423,38.500873550566304,27.500475201244363
1.4,7,38.47370494208519,5.509854034591335,0.28544121995522326,29.699675891031983,0.3070559868577939,38.500873550566304,27.500475201244363
1.4,8,38.54732531896401,5.5058351008268485,0.28515440876615983,29.56196184442336,0.3051601187986723,38.500873550566304,27.500475201244363
1.4,9,38.17775094219857,5.4929372225000135,0.28183931118271616,29.497419603051956,0.30484211637976555,38.500873550566304,27.500475201244363
1.4,10,38.5646180038373,5.499560935281523,0.286530447996696,29.816190961068326,0.30846531199120375,38.500873550566304,27.500475201244363
1.4,11,38.66280110480574,5.511281979776944,0.28602473114290106,29.693202403718466,0.3068915514723004,38.500873550566304,27.500475201244363
1.4,12,38.45035136294412,5.496979677299764,0.28247903421976495,29.598950589092272,0.3051019486351052,38.500873550566304,27.500475201244363
1.4,13,38.39087383105657,5.50069835361699,0.28523916865072035,29.377679416593725,0.30352552914670133,38.500873550566304,27.500475201244363
1.4,14,38.45372413266197,5.499943616599637,0.28578448986493626,29.801196887208285,0.30962813582228227,38.500873550566304,27.500475201244363
1.4,15,38.55928004057822,5.502193000108742,0.284401916922734,29.677480243611047,0.30884716520786015,38.500873550566304,27.500475201244363
1.5,1,41.78060053879973,5.597486810522548,0.3320710490419607,33.231740663140044,0.3462326910757404,42.000102445693415,28.00004900812275
1.5,2,42.28207240176972,5.6058926579483686,0.33743836285828516,33.10246653551674,0.3441401819631616,42.000102445693415,28.00004900812275
1.5,3,42.226653449280754,5.6105651751816294,0.3343394657931458,33.41952906357326,0.34677487154379877,42.000102445693415,28.00004900812275
1.5,4,41.99083583691236,5.605789470370011,0.3328298906739715,33.36746678168142,0.3490354949680141,42.000102445693415,28.00004900812275
1.5,5,42.16766530797804,5.6044090279695125,0.3348508440226391,33.73660335894785,0.3516767617077855,42.000102445693415,28.00004900812275
1.5,6,41.617600224106944,5.589360280034014,0.3295382263750894,33.02666047691116,0.344468011641099,42.000102445693415,28.00004900812275
1.5,7,41.997464805143295,5.601010460225195,0.33266116078268565,33.240761384270975,0.34686394148784117,42.000102445693415,28.00004900812275
1.5,8,41.97881658076027,5.593705331302591,0.333013616003006,33.24732781931132,0.3462123306607686,42.000102445693415,28.00004900812275
1.5,9,41.73270192248677,5.59423642488503,0.33124079174940746,33.461352114973344,0.3499405890035647,42.000102445693415,28.00004900812275
1.5,10,42.08126460032153,5.598700464931014,0.33455188562734034,33.201322840844114,0.34563391837723223,42.000102445693415,28.00004900812275
1.5,11,42.41788222155042,5.609088039979094,0.33878925870865456,33.430644889922014,0.348167215917232,42.000102445693415,28.00004900812275
1.5,12,41.77165963434791,5.58607958498377,0.3308259528704729,33.12699321894757,0.3466974969309425,42.000102445693415,28.00004900812275
1.5,13,41.860378358725306,5.5988882225880365,0.3306610254940145,33.07506806634185,0.34434688999940744,42.000102445693415,28.00004900812275
1.5,14,42.24938097953595,5.610353211460328,0.3381836797983726,33.216490466885574,0.34614110305062284,42.000102445693415,28.00004900812275
1.5,15,41.86095836404679,5.596873938135106,0.33050256450839094,32.9953210456501,0.3424760696803345,42.000102445693415,28.00004900812275
1.6,1,45.248449380664525,5.667660065550746,0.37447686167875954,36.995188220924554,0.3882471027538227,45.33334718800727,28.333339215512623
1.6,2,45.51967450918896,5.670070978358526,0.37591100348396495,37.08616546140751,0.38522169314867793,45.33334718800727,28.333339215512623
1.6,3,45.413795514354184,5.670206233104889,0.3743144042393251,36.90455741378297,0.38442809972545816,45.33334718800727,28.333339215512623
1.6,4,45.17966138281042,5.6584170331365575,0.37144689334058245,37.156105224651206,0.38765394458456903,45.33334718800727,28.333339215512623
1.6,5,45.45767102821077,5.672906902055687,0.37639916524378675,36.77843022476213,0.38396188375100226,45.33334718800727,28.333339215512623
1.6,6,45.38897827070583,5.671323570499912,0.3766255364559032,36.91362046357085,0.38336410797502857,45.33334718800727,28.333339215512623
1.6,7,45.21776183095883,5.667400974326392,0.37503982417338866,36.85659431827211,0.3843742921464662,45.33334718800727,28.333339215512623
1.6,8,45.54453060512056,5.66922815611578,0.3774504128595444,36.94324357317045,0.3847115647329595,45.33334718800727,28.333339215512623
1.6,9,45.26569376494071,5.672715120111687,0.3752988636258735,36.908817594165626,0.3864446319322462,45.33334718800727,28.333339215512623
1.6,10,45.544153430019705,5.670145863971346,0.37548132974745574,36.77354453872513,0.3835950114136184,45.33334718800727,28.333339215512623
1.6,11,45.38595456424723,5.670201330066939,0.37598742022014614,36.74694695211412,0.3827305739800645,45.33334718800727,28.333339215512623
1.6,12,45.29995150186405,5.668618363259531,0.3731312128619869,37.022541602763354,0.3860195306536894,45.33334718800727,28.333339215512623
1.6,13,45.32848187676578,5.674226918382919,0.3741069816326436,36.73674885340279,0.383928942399579,45.33334718800727,28.333339215512623
1.6,14,45.251326690063905,5.663087072149579,0.37389169407513784,36.82399052558017,0.3831939167026227,45.33334718800727,28.333339215512623
1.6,15,45.073985236534604,5.66053306601835,0.37171380260811154,36.57633926749054,0.38115573239566947,45.33334718800727,28.333339215512623
