layout_seed,rho,seed,t_r3b,t_conc,totalL_r3b,totalL_conc,block_r3b,block_conc
0,0.6,1,2.3610657715734793,0.33773300009317064,2.376311892179232,0.3391645013010542,0.0010663921013440217,0.0
0,0.6,2,2.3176261297557175,0.37043380586893715,2.310570785665701,0.36991931447189697,0.0006312076487515084,0.0
0,0.6,3,2.3298872322769046,0.35812288295275796,2.3198211012540844,0.3572342076506159,0.0006134285076957395,0.0
0,0.6,4,2.376331106882435,0.33756639334054117,2.3735660515231114,0.3365724478490385,0.0004632889811348727,0.0
0,0.6,5,2.3846414771203053,0.3531788336175995,2.3661416254140857,0.3524792827896996,0.0006342691913067811,0.0
0,0.6,6,2.4303171522936795,0.3398121031246062,2.455568025828551,0.33933464783571676,0.0008790564793788001,0.0
0,0.6,7,2.38518848532138,0.3521077802712233,2.390507524175398,0.3504214251848231,0.0008679112883866083,0.0
0,0.6,8,2.3963679670909794,0.3407077748167487,2.3991407954097888,0.33995064642826706,0.0004991680532445924,0.0
0,0.6,9,2.367447689117479,0.3473637915008289,2.3715022411204023,0.350091240530391,0.0006097448310267734,0.0
0,0.6,10,2.326006495851612,0.34277485117558404,2.3160840786421133,0.3411752352034313,0.0007251631617113851,0.0
0,0.8,1,5.878331044440289,2.258787341435391,5.850929522824483,2.2777101105999837,0.010255701451278507,0.00022040996253030638
0,0.8,2,6.158789326084214,2.1964842943312424,6.068816279954364,2.1905148776347976,0.012773951158422042,0.0
0,0.8,3,6.137410588499986,2.0748224726788926,6.061463296791465,2.0707053822365182,0.009628514895633029,4.175132908397584e-05
0,0.8,4,5.9985062751477365,2.263058518095363,5.912968849753927,2.2677117522471324,0.01154982166740972,9.701337398655672e-05
0,0.8,5,6.153137848518093,2.1381475413936304,6.082434566660519,2.1406426453913507,0.011064007227743415,4.161580290755743e-05
0,0.8,6,6.219608745995545,2.245540671612026,6.150290534477144,2.257468802754472,0.012320157609223469,1.3815589511204443e-05
0,0.8,7,6.020342387023394,2.3035340155311004,5.971881160852094,2.3242338281428827,0.011270179713676515,5.5057741806719795e-05
0,0.8,8,6.233327046121702,1.979489908848453,6.167341959434031,1.9690554275060899,0.012039001927904686,0.0
0,0.8,9,6.1072221400724755,2.205643582874012,6.0324335208698265,2.2123308197157305,0.011979043622062563,1.386731750610162e-05
0,0.8,10,6.250375152261613,2.161727819296408,6.152757164885816,2.1398413203783977,0.01266687104595747,7.015180851362348e-05
0,1.0,1,13.522256430165907,14.437901136136981,12.557740094887361,14.070046333423432,0.07438840631093778,0.03174813441073873
0,1.0,2,13.477342049266346,14.763328342856745,12.448214481699914,14.244020581210906,0.07442590818985678,0.03257793524522584
0,1.0,3,13.36327954124031,14.247016947194135,12.36543401485142,13.778761721500022,0.07250445632798574,0.030445825813782502
0,1.0,4,13.328642372326236,14.084614113606664,12.374808962130162,13.680577541223725,0.07154448050504601,0.028256374913852515
0,1.0,5,13.393122757628081,14.246610381572014,12.450391685638596,13.806697112104557,0.0727927728204844,0.02887218045112782
0,1.0,6,13.409311636770147,14.823382530473907,12.458515778033096,14.373502761896816,0.07310988657656359,0.03112265858343604
0,1.0,7,13.236354899433438,14.40134965027875,12.283465202903232,14.01352178251186,0.07136820567565164,0.03194817541648703
0,1.0,8,13.12907721738754,14.313155982025322,12.192192510810681,13.882499334362759,0.06980264695733479,0.028987119307690597
0,1.0,9,13.327859602608497,14.754499065939594,12.371734090171005,14.313867406680858,0.07155398497577455,0.03150339992678787
0,1.0,10,13.734361933472488,14.4407115079363,12.744157945560755,13.995956583317119,0.07536324975635687,0.03013689489896912
0,1.2,1,22.070950145208155,30.08100015306877,17.988304426147955,25.12647725672778,0.1880466472303207,0.16804862526632294
0,1.2,2,21.957756153824434,29.801018972349397,17.87426785064242,24.859040081031964,0.18309976953386364,0.16256821710471267
0,1.2,3,22.31716031363258,29.730710805445582,18.06813143985306,24.80587075265621,0.18809086012518342,0.1596515607949935
0,1.2,4,21.95803048638632,30.171961735595126,17.942914196422105,25.0645666302835,0.1829638683630572,0.16794672009498368
0,1.2,5,21.81914119820231,30.15777828306854,17.847132745948624,25.027111447286643,0.1803275646081752,0.16766817434592415
0,1.2,6,21.89628693476269,29.812828166759303,17.929249665640558,24.965977515483864,0.18348971223818847,0.16259364553140657
0,1.2,7,22.034724850636138,29.66915601349907,18.008354090586124,24.85828875221121,0.18424579662990934,0.16082359488035614
0,1.2,8,22.121032467459806,30.020548090844038,18.025898761954405,24.978668002221227,0.1840738817595134,0.16616401109863493
0,1.2,9,22.3027702943699,29.622190706448006,18.151061978327622,24.841095778205275,0.19133235185866765,0.1612060822699239
0,1.2,10,22.256720177956254,29.522820298547337,18.135010041464813,24.71720445635684,0.1853432711448544,0.15635671499748083
1,0.6,1,2.180606162419165,0.3506296088329709,2.192433760588429,0.3511555532462204,0.0005339323194756417,0.0
1,0.6,2,2.1963152075522503,0.34582529381378596,2.190783747029538,0.3451336432261584,0.00046391656924418714,0.0
1,0.6,3,2.1527565093230105,0.327535618541611,2.1459038947442974,0.327493160220689,0.0006683747354350006,0.0
1,0.6,4,2.2468224856522,0.3098269667269582,2.2488943313013925,0.3085015958137374,0.000647273130767666,0.0
1,0.6,5,2.1474957935046657,0.3627697980103689,2.13920320315608,0.3610567184086533,0.00039026928580720695,0.0
1,0.6,6,2.222634446323445,0.3301108618261115,2.220380289658912,0.3314557579298475,0.0004632803958267702,0.0
1,0.6,7,2.2189067799683406,0.3200107523530613,2.2338337647343915,0.31991593435236415,0.0005147721214126818,0.0
1,0.6,8,2.234912665664909,0.3434790476312901,2.2209027560261667,0.341651777204483,0.000465809577044904,0.0
1,0.6,9,2.224189430733276,0.33613715872254546,2.235793379208714,0.3363151492663936,0.00046046451660435045,0.0
1,0.6,10,2.139430224089906,0.3331409520771022,2.1362579593961497,0.33264124064898654,0.0003708098487095817,0.0
1,0.8,1,5.9715215749138215,2.157041612921384,5.913171992427565,2.160661386141328,0.0106735880744514,5.55000555000555e-05
1,0.8,2,6.0642554224918435,2.2087411330201974,6.002680505746576,2.2060086192284367,0.01126541711178013,0.0004864827298630899
1,0.8,3,6.079907790255572,2.144315468289213,6.005809771222065,2.143758031215902,0.009236556143772638,2.7803264103205717e-05
1,0.8,4,6.13504786811478,2.265120300419409,6.092671963105872,2.276264864879388,0.010640800343162352,5.5280687691754886e-05
1,0.8,5,5.961637996556633,2.3433432075916736,5.87915443233692,2.344482332762,0.009640604944472348,8.328590663649866e-05
1,0.8,6,5.926857099006127,2.2555258871968182,5.852751249642784,2.2540202589500713,0.01045305866796576,9.728437612919365e-05
1,0.8,7,6.184561279370206,2.130740844461298,6.157709516680388,2.141601704043487,0.011119541974201558,0.0
1,0.8,8,6.14247312536459,2.2432737966426695,6.0900643287874825,2.243709988769817,0.010494212240937132,9.719387400896961e-05
1,0.8,9,6.036552224932746,2.13911055928574,5.9834015323461776,2.1422079450575913,0.009528968898890138,4.163775156141568e-05
1,0.8,10,5.988975447910006,2.254351455606998,5.91092437131265,2.251861181609825,0.009896022077885876,0.0
1,1.0,1,13.646077411226763,13.945532257534756,12.762225765968545,13.614519913212648,0.07414741474147414,0.029116343827003614
1,1.0,2,13.303644051898157,15.04128278701437,12.324173385116723,14.564005927904008,0.06732597945987068,0.0325313377818735
1,1.0,3,13.609247030131783,14.314579201811561,12.570356005317482,13.836573075147697,0.07087529480143516,0.029964426304461767
1,1.0,4,13.463925409387398,14.549180410979375,12.540503046168613,14.166322845257692,0.07084816034232376,0.02909534097833915
1,1.0,5,13.577590020431234,14.728380870401086,12.610073238464913,14.287396001126512,0.07080590642234477,0.03197871042856351
1,1.0,6,13.224964976980543,14.13779843340339,12.332058082565066,13.748419182057747,0.06691801236709818,0.026980137458573368
1,1.0,7,13.245780264620981,14.845994571236176,12.360565475134337,14.449938356577324,0.0676993115700644,0.03137025078508558
1,1.0,8,13.383126276883843,13.963664384143492,12.453435271059586,13.528302284823214,0.06736016750941126,0.02777684853756175
1,1.0,9,13.833569881274277,13.475729050618579,12.880722191304656,13.09499218436237,0.07466345676012942,0.028426644144644724
1,1.0,10,13.783220629216878,13.702536654917811,12.764989682742318,13.215878121896553,0.07380648029789362,0.026623602373022016
1,1.2,1,22.157017856800703,29.63328004653505,18.129273355097922,24.809304202164842,0.1793666570677467,0.1603703497334745
1,1.2,2,22.507813102375867,29.554760491303007,18.37961975607014,24.61428800763103,0.18402398623012714,0.15948529617896892
1,1.2,3,22.497288159211074,30.198210088714998,18.33371543435745,25.080671265334463,0.1825157221019777,0.1697659135296241
1,1.2,4,22.392492642106102,29.84995514914732,18.25311105274921,24.869724846891852,0.18018571814430878,0.16509539009724594
1,1.2,5,22.380850582373064,29.821063042011126,18.300028912401427,24.917508199969017,0.18422681459994272,0.162219374965183
1,1.2,6,22.439225247979387,30.38507604260172,18.295862321491487,25.24017532079786,0.1844862566354465,0.17356019013228197
1,1.2,7,21.995951798302187,29.627297416850055,18.078648243860115,24.837445810832968,0.18097180187495387,0.16300549176235646
1,1.2,8,22.072058744240607,30.252893654868206,18.074958996786965,25.270111158922923,0.18095008752512295,0.16701604041038332
1,1.2,9,22.298774414322573,30.071839184316836,18.288621093449294,25.198919859219185,0.18337221202873027,0.16569858567977724
1,1.2,10,22.37741406779162,30.600939127021096,18.278117029522612,25.290178590425796,0.18093018505278602,0.17082075340238748
2,0.6,1,2.205824237938061,0.3730336709659278,2.2074669403397316,0.3751060802490719,0.0006288377598579566,0.0
2,0.6,2,2.2432630898641683,0.34672075746495234,2.2387914531553865,0.3458931419832338,0.0005193745246795645,0.0
2,0.6,3,2.2153379096596355,0.4122862384056427,2.1897587903907025,0.411828142585192,0.0004307438759457637,0.0
2,0.6,4,2.212822907887152,0.3460671925257703,2.204030345559745,0.3458044378055192,0.0005946076518572198,0.0
2,0.6,5,2.2076382162970365,0.32297491001799883,2.205724804360582,0.3208326156395582,0.0005189605960633132,0.0
2,0.6,6,2.2274951958033804,0.3387584867349882,2.229121809795687,0.33795550365532007,0.0006105231998815955,0.0
2,0.6,7,2.266734939224525,0.32883658424127343,2.2826676357057534,0.3292384956220128,0.0005882893648313264,0.0
2,0.6,8,2.207121983698931,0.34416807412393713,2.1945202615300103,0.3436263280813347,0.00046541934282788794,0.0
2,0.6,9,2.200963301529513,0.35717346138013917,2.2089703694778158,0.3579045943219622,0.0004611099839533726,0.0
2,0.6,10,2.1629150839368294,0.3369752610814988,2.149936423276878,0.33552127523275826,0.0003539163639750396,0.0
2,0.8,1,6.15766615966301,2.3041732511370605,6.136852437913979,2.3203261692561967,0.010330891987696721,0.0002482073910645339
2,0.8,2,5.839785441813349,2.2065235214916443,5.764428168599977,2.2094707361089596,0.009701159678858162,0.00015255530129672007
2,0.8,3,6.065796065069308,2.1823615301311245,6.026391986160796,2.1769207472840826,0.01058179102000166,4.176876809979951e-05
2,0.8,4,6.062480845208977,2.278151629503043,5.997821892762319,2.2802082941685264,0.011202420944501513,2.775195304369545e-05
2,0.8,5,6.063827679931537,2.3008663240006935,6.016374368367928,2.28483997569272,0.010446396408878051,0.0001678110447635962
2,0.8,6,5.923930399162313,2.301048532325198,5.865972519908515,2.2941751768279244,0.009572236346712235,5.572039505760096e-05
2,0.8,7,5.880066529288226,2.11977750275384,5.844741519423652,2.1229866103621697,0.009676481581461024,9.706583837151256e-05
2,0.8,8,6.080510092122191,2.422827280865988,6.023970668915453,2.434067506414108,0.01080368906455863,4.147255208261332e-05
2,0.8,9,5.940239809949362,2.083198189301744,5.878060354606073,2.091138565756173,0.010295956648603584,0.00023517693605954127
2,0.8,10,5.957932718085247,2.277226536004934,5.868539976529538,2.2704298215217147,0.008834465598702787,0.0002786330263726159
2,1.0,1,13.49177049937843,14.17194554743977,12.627655498018896,13.786375589025734,0.07155773132221928,0.03028087896508949
2,1.0,2,13.301870880040498,14.511873500878265,12.405707346714792,14.037426698970377,0.06531667000824255,0.031723953754909925
2,1.0,3,13.64522735197902,13.928797590890465,12.695564942472664,13.512041478771069,0.0693897965988663,0.028490948362243647
2,1.0,4,13.42424674817739,14.614509225261152,12.48971200752279,14.179356856848019,0.06654626130193875,0.029086904775146548
2,1.0,5,13.272627550193132,13.995937346530877,12.380944097131096,13.562218776026214,0.06655472277205703,0.029044903777619386
2,1.0,6,13.3538417223492,14.521457798885598,12.411562386296755,14.141474144816971,0.06702284286606586,0.0329559998234697
2,1.0,7,13.796906400554064,13.884298812061076,12.917174625277426,13.491564696330247,0.07225373052144705,0.026180692435327786
2,1.0,8,13.569710010447553,14.563966918304107,12.6143728631072,14.159155705019291,0.07143412272813066,0.03149597582171838
2,1.0,9,13.490186330001627,14.38077820753287,12.609249349784303,13.998234262274188,0.06689742394994343,0.033545938072432745
2,1.0,10,13.548487660813775,14.083519758527876,12.617918176243938,13.597242866942612,0.07019003561087629,0.027443869899044165
2,1.2,1,22.61019050083195,30.08194574670368,18.520106705068525,25.10136904516718,0.18320497903854321,0.16934167949628018
2,1.2,2,22.53264004960694,30.082402908874034,18.391663577280053,25.063433842691374,0.18042056900512457,0.16575814884859272
2,1.2,3,22.354496446347778,30.71968796678484,18.21667342243487,25.291548978284915,0.1814723173091234,0.17644062459480986
2,1.2,4,22.207938310774345,30.345095199352087,18.246322989120628,25.167523362409533,0.18083868823399069,0.16843854746009787
2,1.2,5,22.082524789011195,29.944932404629682,18.115496602273755,24.9385691815326,0.1766777884141751,0.16364600091131423
2,1.2,6,22.120844234594376,30.31240490869793,18.159236547234872,25.26242907065055,0.17511632235250327,0.16817169317793204
2,1.2,7,22.39031652437954,29.703721456075804,18.37891902916131,24.8550732562567,0.18417443647776746,0.16504809513689328
2,1.2,8,22.300187893435602,30.034509828016198,18.2396957728747,25.07242336647677,0.17896087235407312,0.1666296892044299
2,1.2,9,22.110173938682724,30.15437036392491,18.167747450399524,25.070555260318717,0.1810689333739421,0.16680893705463182
2,1.2,10,22.59325993162674,29.819625986323246,18.42918284925234,24.8164134371834,0.17853379216443313,0.1647662326800301
3,0.6,1,2.1944027394177623,0.33907168302708424,2.210117163994771,0.34031324002118113,0.0005330000551379367,0.0
3,0.6,2,2.2356698295977044,0.320989740932326,2.234504698317963,0.318225662607631,0.0005927133304932486,0.0
3,0.6,3,2.2754291173864614,0.35106325390162496,2.275717142354319,0.35172637338121693,0.0007031568039672847,0.0
3,0.6,4,2.162901632741236,0.3562302264217594,2.146706555434164,0.3548712740765208,0.0005968701620875534,0.0
3,0.6,5,2.256719972875502,0.3390889493898348,2.25368405029954,0.3383542598908078,0.0005930538567033619,0.0
3,0.6,6,2.1681614897094166,0.34052643577657005,2.155907826716867,0.3407310696010717,0.00048427052096332583,0.0
3,0.6,7,2.263595125820045,0.3428789747435374,2.2846932309905834,0.3429297716286846,0.0007518383364201492,0.0
3,0.6,8,2.207398204880975,0.3533048038984375,2.203154085746732,0.3513812555216571,0.00035245886434043814,0.0
3,0.6,9,2.1892785268836703,0.3413381557489084,2.186258450230973,0.34129167430956076,0.0006673216304891839,0.0
3,0.6,10,2.2208238693603666,0.3643558529854,2.196660630340323,0.3638700451814195,0.0005240599674334163,0.0
3,0.8,1,5.955116609954667,1.951679116524362,5.9181010096274145,1.9515242161831905,0.010006366429540232,2.7785881993359175e-05
3,0.8,2,5.853552574235012,2.0957153861131808,5.781212140171887,2.0901919093477486,0.009499798024822053,0.0
3,0.8,3,5.935003500925804,2.327990220480341,5.856019509505654,2.330512343284173,0.01028657448706512,0.00022201870507590265
3,0.8,4,6.048875362693653,2.4081671993672917,6.002122443434612,2.409637364077149,0.010104650356920092,0.00030527148348064996
3,0.8,5,6.009527496249719,2.0275528781938776,5.931774226837588,2.0193356430997462,0.011874469889737066,6.972819947843307e-05
3,0.8,6,5.869639537515248,2.1153872052472504,5.7914125213261824,2.109960537448266,0.0100897485924522,8.35421888053467e-05
3,0.8,7,5.896684674332995,2.3123723027056267,5.83051947782784,2.316097791415589,0.010660477011174738,0.00027725407563491185
3,0.8,8,6.101582535477854,2.2153383158787863,6.063574105403081,2.2300051945773505,0.011523952964585263,5.5219636102598086e-05
3,0.8,9,6.088675741746001,2.0090014859534993,6.036375128556031,2.011523330294539,0.011113112641512048,0.000333273159012956
3,0.8,10,5.922843388343808,2.2914210971522375,5.850146835619718,2.2799234543486615,0.011031662122308163,4.187487786493956e-05
3,1.0,1,13.391999626722399,13.864761388180234,12.519431250181253,13.541477206115033,0.06995125078761483,0.03003950824375924
3,1.0,2,13.424609384450278,14.476798218725547,12.474310031799053,13.999243518221022,0.06959018126383959,0.03064771284062298
3,1.0,3,13.369491786822156,14.590456189244156,12.39644834733211,14.15328716895575,0.06914632513722165,0.029001791058059206
3,1.0,4,13.39612725179403,14.415586349721117,12.412882410924755,14.020351381814317,0.0699388829407566,0.03122404916126889
3,1.0,5,13.564956133237455,14.655022641904992,12.637447982161172,14.157734469659284,0.07053279370183511,0.031462376612669624
3,1.0,6,13.809239160582125,14.6522921047139,12.871364854524831,14.299698212445929,0.07441372841141092,0.028286852589641434
3,1.0,7,13.58500538363261,14.312736938206942,12.687566283841228,13.88459625053039,0.07304802568430808,0.03215829730628533
3,1.0,8,13.247669382235914,14.76860997639799,12.321891551267012,14.336489651605097,0.06818586632230485,0.03043690613622236
3,1.0,9,13.430553883732557,13.924240906127043,12.503944913239028,13.543039143473862,0.0717444554049411,0.031226477750719503
3,1.0,10,13.347887415528952,13.485637558325108,12.354898339996353,13.015873366369306,0.07007045005414941,0.02645087534464594
3,1.2,1,22.096009116540056,30.191155889907957,18.16001029125192,25.215761397010912,0.18017069385945467,0.1685642902580461
3,1.2,2,22.44569960189801,30.2967929478645,18.356910264944663,25.128942443613038,0.18504983388704319,0.17006077900900568
3,1.2,3,22.359643246066483,29.977209040528507,18.24430235491484,25.005462210656194,0.18298562818729716,0.16176306386779812
3,1.2,4,22.052083638948307,29.805093354964587,18.111313360877887,24.900574659665143,0.18011520716022672,0.16657274045879103
3,1.2,5,22.180322125524548,29.802403091617528,18.175997270948486,24.83265429722084,0.18292198738723767,0.16321824116350653
3,1.2,6,22.26733075494241,30.102929018567597,18.24737775254228,25.15778575142592,0.18557517073799312,0.16392607346333782
3,1.2,7,22.11448716262597,30.243890149251904,18.165998908682127,25.19477262731765,0.18060046189376444,0.16681175795069367
3,1.2,8,22.184899986341534,30.614713334822696,18.148156954480108,25.437979386138196,0.18218349830094166,0.17146894220646092
3,1.2,9,22.026182048154677,30.140418013414,18.075948315696692,25.23415850964559,0.18238100071044352,0.16722093762378973
3,1.2,10,22.282690521250426,30.228350508860302,18.18237215128656,25.124645180540096,0.17865132928147956,0.165291869321405
4,0.6,1,2.806696902808951,0.33906938089096084,2.8194354960012684,0.3423830867490285,0.0014728353922344754,0.0
4,0.6,2,2.805250851976499,0.36542374605921646,2.792184232123995,0.3675959872163462,0.0019870747288664387,0.0
4,0.6,3,2.9067604668939886,0.37787477173792694,2.8944874782559897,0.37712770265479406,0.0019859314389650885,0.0
4,0.6,4,2.8018383279388965,0.3748405528914593,2.805968398085649,0.3748592961620382,0.0013666500452471976,0.0
4,0.6,5,2.8160910544122246,0.34782034383761146,2.807517414056183,0.34727266095260895,0.001594896331738437,0.0
4,0.6,6,2.7588350510264186,0.3262095135619012,2.757711253161137,0.32430337955642985,0.001517113783533765,0.0
4,0.6,7,2.8018303970478966,0.361118007393862,2.799434795472005,0.36313090591655744,0.0017392591496132924,0.0
4,0.6,8,2.814993504259063,0.3423623215988477,2.809957448062082,0.3419185185893678,0.0017597806757557795,0.0
4,0.6,9,2.85475763440317,0.3163817939247238,2.8931780482888647,0.3173250803843883,0.0020980424351887328,0.0
4,0.6,10,2.813409900025777,0.3529006639928963,2.7884401235675127,0.35152635809014576,0.0021815334128878284,0.0
4,0.8,1,6.68305874484049,2.234551932989468,6.582756281605678,2.2530621563549444,0.01639958376690947,0.0
4,0.8,2,6.613561813268626,2.1784728472478054,6.4794695505292115,2.1735754967073184,0.016767952720785014,0.0
4,0.8,3,6.618520350811459,2.149156396872091,6.467772491621196,2.1542646933620193,0.017030134536665784,0.00029088692809552173
4,0.8,4,6.737319933253321,2.216930257259783,6.623997170306183,2.2226401156812936,0.01826832380846696,0.00015237567530128825
4,0.8,5,6.87860982319949,2.2716916387573947,6.78220678459631,2.277388878445143,0.019525204510280787,6.927126627874758e-05
4,0.8,6,6.602257378165522,2.2592327025359324,6.438917654789654,2.262621551589707,0.017549261083743842,0.00019411552646903858
4,0.8,7,6.7947148361372625,2.145250123548743,6.698521495657317,2.1575057383351965,0.01870800033184923,0.00023472881917596376
4,0.8,8,6.752759121519228,2.1556778402066636,6.64239588136477,2.158014153137261,0.01835193014068889,5.551314967732982e-05
4,0.8,9,6.517534897074842,2.230475535557138,6.38015939475535,2.229954923917262,0.01744696874607757,0.00027776234653630353
4,0.8,10,6.542572287411073,2.3242292866254073,6.438294697725691,2.3254392294996213,0.0177630484219868,0.00040261561315581225
4,1.0,1,13.05668452777603,14.722011108547123,12.040465202536856,14.32306444777014,0.08080864026585434,0.03217318238103662
4,1.0,2,13.09962838655077,14.48521569156836,11.982841396295843,13.982344583163083,0.07784001792516244,0.0311565748962563
4,1.0,3,13.440254324143561,14.353183709491548,12.33311760276706,13.895504271613976,0.08293349326935892,0.02956312518101009
4,1.0,4,13.441894989704492,14.011246905295806,12.32131195640514,13.63754550193422,0.08680970727602852,0.027884732748194096
4,1.0,5,13.307776437031674,14.48786958245012,12.206974538903992,14.089232334816133,0.08281762124326426,0.027910180771752054
4,1.0,6,13.254470142239711,13.931863167570569,12.191685108814465,13.502761782009252,0.08348561872168876,0.028403395041101384
4,1.0,7,13.285359310259025,13.803761443765843,12.223180474768514,13.441531795503977,0.08485967258779445,0.028316425522479073
4,1.0,8,13.481873192361856,13.854013407202308,12.353140675180637,13.450141941890996,0.08779365061800799,0.025973012155681943
4,1.0,9,13.357000148989492,14.180773239384724,12.30592361776768,13.83646137201074,0.0845277268611559,0.028646322984526563
4,1.0,10,13.124753540287003,13.979631383898742,12.035022593894372,13.531361930243438,0.07746998457307666,0.02617900537664457
4,1.2,1,21.26451084526432,29.970846284591296,17.245206897751537,24.997247769330215,0.19401419144647836,0.16686864575335117
4,1.2,2,20.954266021357565,29.49986161786996,16.972636684881262,24.64478029633723,0.1871666202025834,0.1604932526756631
4,1.2,3,20.82573548112492,29.9582890096823,16.869414452292204,24.880432751259036,0.18351210313570634,0.1699118975346117
4,1.2,4,21.05927767147654,29.733498508151087,17.018933064113114,24.86375434833143,0.1898714199507961,0.1639697850517468
4,1.2,5,20.568098630570958,30.416057014674994,16.698930957477433,25.276673607180943,0.18244553864518054,0.1689167916736115
4,1.2,6,20.841231443673415,30.022186524564816,16.925308023640582,25.084319582661713,0.1907201270052242,0.16666974561711403
4,1.2,7,20.54980587632643,29.675343829568792,16.78679204660044,24.85698957356281,0.1825671154933232,0.16275948875047433
4,1.2,8,21.522827162505553,30.70115368097078,17.35028301077192,25.382591820574067,0.1952518304859108,0.1738285587386187
4,1.2,9,21.139341761639393,29.950168327792976,17.141730382848067,25.12275144566441,0.19208627783825674,0.16530281248848097
4,1.2,10,21.094303259479737,30.448107923822263,17.112734971265624,25.224260729572606,0.19252327832580438,0.17179703194867474
