n,m,rho,seed,t_r1,t_r3a,t_c_analytic
4,6,1.0001,1,9.860376732446383,9.958263710888318,9.4564818981795
4,6,1.0001,2,9.967189033921246,10.012089823007491,9.4564818981795
4,6,1.0001,3,9.974111710718907,10.230392052266824,9.4564818981795
4,6,1.0001,4,9.913413656356536,9.996779822808968,9.4564818981795
4,6,1.0001,5,9.911074073039662,9.811314804127626,9.4564818981795
4,6,1.0001,6,10.070707694053391,10.220999079733321,9.4564818981795
4,6,1.0001,7,9.982435908363207,10.123649833622727,9.4564818981795
4,6,1.0001,8,10.06127653327984,10.301117888998732,9.4564818981795
4,6,1.0001,9,10.047947935215051,10.20067380858857,9.4564818981795
4,6,1.0001,10,10.01781065964967,10.386444151791766,9.4564818981795
4,6,1.0001,11,9.851571581870768,9.989105529704755,9.4564818981795
4,6,1.0001,12,9.987538619471001,10.244118583999532,9.4564818981795
4,6,1.0001,13,9.943604801529178,9.979477921427055,9.4564818981795
4,6,1.0001,14,9.942024372703914,10.349434275468415,9.4564818981795
4,6,1.0001,15,9.990458867810771,9.951607930726821,9.4564818981795
4,6,1.005,1,9.960154125788556,10.439151398317595,9.702207829867465
4,6,1.005,2,10.211571861129581,10.596467385884997,9.702207829867465
4,6,1.005,3,10.062853160420701,10.339905076455787,9.702207829867465
4,6,1.005,4,10.006605064425589,10.319293603023494,9.702207829867465
4,6,1.005,5,10.06442447800841,10.19600251346574,9.702207829867465
4,6,1.005,6,10.05058943926251,10.211465075458394,9.702207829867465
4,6,1.005,7,10.20725920915757,10.43829362906663,9.702207829867465
4,6,1.005,8,10.136081447773364,10.360187484476793,9.702207829867465
4,6,1.005,9,9.965751874923663,10.289590430814158,9.702207829867465
4,6,1.005,10,10.27857211818584,10.599321480172836,9.702207829867465
4,6,1.005,11,10.174609384064613,10.49348430214177,9.702207829867465
4,6,1.005,12,10.206870017381249,10.459893221577126,9.702207829867465
4,6,1.005,13,10.266690653678227,10.522478685827735,9.702207829867465
4,6,1.005,14,10.209863903798345,10.326163685917328,9.702207829867465
4,6,1.005,15,10.081720905035302,9.839871699510526,9.702207829867465
4,6,1.01,1,10.095733001284312,10.61626969111852,9.953740500690241
4,6,1.01,2,10.162944901377829,10.758462955949076,9.953740500690241
4,6,1.01,3,10.245437033004313,10.664651711800017,9.953740500690241
4,6,1.01,4,10.180397325130478,10.511694115906534,9.953740500690241
4,6,1.01,5,10.207791093615228,10.505202414980195,9.953740500690241
4,6,1.01,6,10.294741045762551,10.437677517810089,9.953740500690241
4,6,1.01,7,10.276074647933232,10.459211734353152,9.953740500690241
4,6,1.01,8,10.206169007439964,10.688467368187037,9.953740500690241
4,6,1.01,9,10.292796654005999,10.350493577026233,9.953740500690241
4,6,1.01,10,10.330040674755825,10.806616877863453,9.953740500690241
4,6,1.01,11,10.214007588368556,10.823200088022558,9.953740500690241
4,6,1.01,12,10.262754560759575,10.7647796909836,9.953740500690241
4,6,1.01,13,10.234503787402527,10.385482164024879,9.953740500690241
4,6,1.01,14,10.23863230949734,10.389619697814027,9.953740500690241
4,6,1.01,15,10.203039325470519,10.306093996257562,9.953740500690241
4,6,1.015,1,10.209861279660865,10.68473175968219,10.205821801153144
4,6,1.015,2,10.355002562757534,10.853505677716173,10.205821801153144
4,6,1.015,3,10.178013077586675,11.161908442877762,10.205821801153144
4,6,1.015,4,10.320740114396875,10.879909679916091,10.205821801153144
4,6,1.015,5,10.392355172545077,11.216647653477793,10.205821801153144
4,6,1.015,6,10.289815009206226,10.981933009454988,10.205821801153144
4,6,1.015,7,10.170828920443842,10.992139419445191,10.205821801153144
4,6,1.015,8,10.282595151706285,10.845455077200564,10.205821801153144
4,6,1.015,9,10.339051917102836,10.420206617422199,10.205821801153144
4,6,1.015,10,10.397190518458743,11.24503679365812,10.205821801153144
4,6,1.015,11,10.248104244773874,10.647329237914914,10.205821801153144
4,6,1.015,12,10.114065449423006,10.737777368809068,10.205821801153144
4,6,1.015,13,10.406091515190349,11.036550749348152,10.205821801153144
4,6,1.015,14,10.291308905001463,10.81195385804757,10.205821801153144
4,6,1.015,15,10.224710452220675,10.644268261022313,10.205821801153144
4,6,1.02,1,10.33923292090756,10.79384929721,10.458204132006301
4,6,1.02,2,10.442702679825208,11.117253573738592,10.458204132006301
4,6,1.02,3,10.327830248402336,10.812743428724207,10.458204132006301
4,6,1.02,4,10.426811708820269,11.130884075111462,10.458204132006301
4,6,1.02,5,10.294735792366124,11.217231361848249,10.458204132006301
4,6,1.02,6,10.338538530504222,11.04777600999841,10.458204132006301
4,6,1.02,7,10.420277409569199,10.741991803720396,10.458204132006301
4,6,1.02,8,10.495868359316578,10.993876665940055,10.458204132006301
4,6,1.02,9,10.474412889916586,11.208248963926366,10.458204132006301
4,6,1.02,10,10.531239110600286,11.32710594378816,10.458204132006301
4,6,1.02,11,10.460676140688186,11.103388007271972,10.458204132006301
4,6,1.02,12,10.32979699300057,11.084347400854634,10.458204132006301
4,6,1.02,13,10.351223901386522,11.046432110567691,10.458204132006301
4,6,1.02,14,10.426931939881731,10.914299769849832,10.458204132006301
4,6,1.02,15,10.35695836082378,10.916504302603332,10.458204132006301
4,6,1.03,1,10.583231246839885,11.613052754737632,10.962915818814567
4,6,1.03,2,10.48615946408028,11.287046132272803,10.962915818814567
4,6,1.03,3,10.601973171722255,11.230785582206101,10.962915818814567
4,6,1.03,4,10.604979709003716,11.859404511679347,10.962915818814567
4,6,1.03,5,10.644157808111398,11.553403625251585,10.962915818814567
4,6,1.03,6,10.70830949107427,11.52181080636389,10.962915818814567
4,6,1.03,7,10.61971652079567,11.168917152590387,10.962915818814567
4,6,1.03,8,10.616678182903723,11.829229648712648,10.962915818814567
4,6,1.03,9,10.564489784291064,11.722575446458363,10.962915818814567
4,6,1.03,10,10.683573115839845,11.78538063476068,10.962915818814567
4,6,1.03,11,10.922000162211425,11.837025663271108,10.962915818814567
4,6,1.03,12,10.656275677926137,11.505233150420203,10.962915818814567
4,6,1.03,13,10.629623682512696,11.64594030145289,10.962915818814567
4,6,1.03,14,10.722849962340412,11.497208675807585,10.962915818814567
4,6,1.03,15,10.456270551842396,11.234765163576466,10.962915818814567
4,6,1.05,1,10.993830366396661,12.59747344417005,11.965922890744293
4,6,1.05,2,11.174510974291412,12.171908095986328,11.965922890744293
4,6,1.05,3,11.147964233611003,12.421776828316467,11.965922890744293
4,6,1.05,4,11.139610797484742,12.4145304663022,11.965922890744293
4,6,1.05,5,10.902903922192458,12.81281252676749,11.965922890744293
4,6,1.05,6,11.086104524627942,12.782001617576787,11.965922890744293
4,6,1.05,7,11.080355230106784,12.618047384533309,11.965922890744293
4,6,1.05,8,11.151627155086448,12.364448307604857,11.965922890744293
4,6,1.05,9,11.155490617775785,12.385513712640428,11.965922890744293
4,6,1.05,10,11.055631224733933,12.496726733991986,11.965922890744293
4,6,1.05,11,11.004964299232629,12.416220285793901,11.965922890744293
4,6,1.05,12,11.093666834564125,12.397538196638207,11.965922890744293
4,6,1.05,13,11.020697824818406,12.567204023779372,11.965922890744293
4,6,1.05,14,11.090173492532273,12.617343146851377,11.965922890744293
4,6,1.05,15,11.02919938489933,12.522885842009986,11.965922890744293
5,7,1.0001,1,14.830999041973355,14.723640346848399,14.313280701373257
5,7,1.0001,2,14.96430738006648,15.372766381855687,14.313280701373257
5,7,1.0001,3,15.08696983983042,15.42516299551773,14.313280701373257
5,7,1.0001,4,14.914660248092279,14.33974370921339,14.313280701373257
5,7,1.0001,5,14.93265188945092,15.300368272703675,14.313280701373257
5,7,1.0001,6,15.011232304702487,14.947974123561382,14.313280701373257
5,7,1.0001,7,14.932880612323151,14.366668641179901,14.313280701373257
5,7,1.0001,8,15.226871863505968,15.560765516156199,14.313280701373257
5,7,1.0001,9,14.927467231639676,14.96836981448632,14.313280701373257
5,7,1.0001,10,14.886712861287837,16.009157227993605,14.313280701373257
5,7,1.0001,11,15.072908603846106,15.29721839838146,14.313280701373257
5,7,1.0001,12,14.934277293481777,14.927018306235396,14.313280701373257
5,7,1.0001,13,14.924131183670713,15.093728050494677,14.313280701373257
5,7,1.0001,14,14.976428364416972,15.213038852804292,14.313280701373257
5,7,1.0001,15,14.915800048507181,14.788093270103971,14.313280701373257
5,7,1.003,1,15.128635617888461,15.561966354622133,14.608430720134992
5,7,1.003,2,15.237058026826722,15.507046764606669,14.608430720134992
5,7,1.003,3,15.055416873094387,15.59756332423424,14.608430720134992
5,7,1.003,4,15.106354205950694,15.100329381872655,14.608430720134992
5,7,1.003,5,15.027283099397978,16.156691418794036,14.608430720134992
5,7,1.003,6,15.15038739314056,15.620014919385646,14.608430720134992
5,7,1.003,7,15.019265980970228,14.978760190560505,14.608430720134992
5,7,1.003,8,15.381940474499894,15.162718765489707,14.608430720134992
5,7,1.003,9,15.090241923792012,15.763503278438955,14.608430720134992
5,7,1.003,10,15.154209201014298,16.315198982577186,14.608430720134992
5,7,1.003,11,15.022151498783913,15.228438982426955,14.608430720134992
5,7,1.003,12,14.962523702741885,15.125156826036674,14.608430720134992
5,7,1.003,13,15.140494240528742,15.450053220775992,14.608430720134992
5,7,1.003,14,15.068030276716694,14.255646446347482,14.608430720134992
5,7,1.003,15,15.06797041809898,15.356339496076396,14.608430720134992
5,7,1.006,1,15.215043902272173,16.006844336846854,14.914312934313298
5,7,1.006,2,15.188741618083222,15.619407248850397,14.914312934313298
5,7,1.006,3,15.15248425278413,15.576359349559251,14.914312934313298
5,7,1.006,4,15.332966970912999,14.93786702417459,14.914312934313298
5,7,1.006,5,15.232563688074038,16.064593061356522,14.914312934313298
5,7,1.006,6,15.219432142213904,14.833287657017031,14.914312934313298
5,7,1.006,7,15.007928667252967,15.798499355564491,14.914312934313298
5,7,1.006,8,15.274941773770275,15.854564406978522,14.914312934313298
5,7,1.006,9,15.15991183492757,15.702072307807091,14.914312934313298
5,7,1.006,10,15.16772226924361,15.7487447866752,14.914312934313298
5,7,1.006,11,15.340200576171345,15.79652551724704,14.914312934313298
5,7,1.006,12,15.286124157250416,15.551806218783371,14.914312934313298
5,7,1.006,13,15.159840374918648,16.188444653920808,14.914312934313298
5,7,1.006,14,14.968931408555713,16.392851540847037,14.914312934313298
5,7,1.006,15,15.220619365868945,15.52178506432386,14.914312934313298
5,7,1.009,1,15.431249674344585,16.608185923506884,15.220512076986395
5,7,1.009,2,15.216528260111938,15.879877945859487,15.220512076986395
5,7,1.009,3,15.284402089116211,16.520546974954048,15.220512076986395
5,7,1.009,4,15.312394186811428,16.407890036619435,15.220512076986395
5,7,1.009,5,15.30472156241983,16.569225013150277,15.220512076986395
5,7,1.009,6,15.375144725385836,15.67764004753201,15.220512076986395
5,7,1.009,7,15.074899468926272,16.15720459868433,15.220512076986395
5,7,1.009,8,15.42295547913085,15.989773578892125,15.220512076986395
5,7,1.009,9,15.294117032843245,15.57029589874584,15.220512076986395
5,7,1.009,10,15.16303380816791,16.225519212165977,15.220512076986395
5,7,1.009,11,15.254324337302247,16.456951667038474,15.220512076986395
5,7,1.009,12,15.128329607807379,16.227724796134986,15.220512076986395
5,7,1.009,13,15.294484691425255,15.58406417543025,15.220512076986395
5,7,1.009,14,15.094013591777674,15.903876913551754,15.220512076986395
5,7,1.009,15,15.260984004265561,15.908431277953305,15.220512076986395
5,7,1.012,1,15.386427969984032,15.792757551293642,15.526782003172148
5,7,1.012,2,15.51391927371691,16.689308644217515,15.526782003172148
5,7,1.012,3,15.268279407514498,16.23154184108575,15.526782003172148
5,7,1.012,4,15.290539006960863,16.37961568039139,15.526782003172148
5,7,1.012,5,15.470587570886721,16.198989607083792,15.526782003172148
5,7,1.012,6,15.50811688674893,16.654605085893618,15.526782003172148
5,7,1.012,7,15.578727348422257,15.909214785595223,15.526782003172148
5,7,1.012,8,15.527729964045921,16.25294046995108,15.526782003172148
5,7,1.012,9,15.124664087115326,16.530970623533044,15.526782003172148
5,7,1.012,10,15.477600384744962,15.976813719753165,15.526782003172148
5,7,1.012,11,15.46439784686922,17.03380575612288,15.526782003172148
5,7,1.012,12,15.543889927301487,16.380995602190914,15.526782003172148
5,7,1.012,13,15.62196899431681,16.24989627263697,15.526782003172148
5,7,1.012,14,15.443705952786177,16.02691455563717,15.526782003172148
5,7,1.012,15,15.204370625639317,15.779911075801571,15.526782003172148
5,7,1.02,1,15.630084641844459,17.368312895843527,16.34203046744782
5,7,1.02,2,15.630033136800833,17.19465376771372,16.34203046744782
5,7,1.02,3,15.579017149916885,17.88048004139338,16.34203046744782
5,7,1.02,4,15.650635181360462,16.619122648013512,16.34203046744782
5,7,1.02,5,15.803295815633028,17.598459846618027,16.34203046744782
5,7,1.02,6,15.831006385324821,16.077740550403732,16.34203046744782
5,7,1.02,7,15.469787462200287,17.047562992511168,16.34203046744782
5,7,1.02,8,15.733675096066392,17.35318646819094,16.34203046744782
5,7,1.02,9,15.739637243616343,16.178071582967302,16.34203046744782
5,7,1.02,10,15.636736309762671,17.281455268555003,16.34203046744782
5,7,1.02,11,15.657671276737263,17.413120589307777,16.34203046744782
5,7,1.02,12,15.729570053658003,17.394260592670758,16.34203046744782
5,7,1.02,13,15.607794984010267,17.534804247518878,16.34203046744782
5,7,1.02,14,15.515178537898388,17.284285290720913,16.34203046744782
5,7,1.02,15,15.761124888131691,16.616747619565658,16.34203046744782
5,7,1.03,1,16.03837921654767,17.870283130291813,17.35281625535592
5,7,1.03,2,15.987640745783018,17.66655783873047,17.35281625535592
5,7,1.03,3,15.943054084526903,17.65598885105863,17.35281625535592
5,7,1.03,4,15.991349213955504,17.62666438077676,17.35281625535592
5,7,1.03,5,15.917298811065825,18.099914283072437,17.35281625535592
5,7,1.03,6,16.112639852891107,17.79104937229555,17.35281625535592
5,7,1.03,7,16.243347194996435,18.34298496402475,17.35281625535592
5,7,1.03,8,16.241995767072172,17.819653392362667,17.35281625535592
5,7,1.03,9,15.727586733289353,17.594664810495235,17.35281625535592
5,7,1.03,10,16.119971105555045,18.604899118034588,17.35281625535592
5,7,1.03,11,16.021833117027704,18.585975966661287,17.35281625535592
5,7,1.03,12,15.970722761077441,17.956915209983062,17.35281625535592
5,7,1.03,13,15.948528178868314,18.447899041996855,17.35281625535592
5,7,1.03,14,16.156235698338026,18.097177955274738,17.35281625535592
5,7,1.03,15,16.23259169999997,17.94165593322769,17.35281625535592
10,9,1.0001,1,40.291286166354006,40.15686214291276,38.790109182436424
10,9,1.0001,2,39.91145907298121,39.83945759909892,38.790109182436424
10,9,1.0001,3,39.53620694702616,35.98948448453655,38.790109182436424
10,9,1.0001,4,40.10761920087543,42.505976221123966,38.790109182436424
10,9,1.0001,5,40.07689012093847,40.08418941108992,38.790109182436424
10,9,1.0001,6,40.33153044768514,40.94367200966434,38.790109182436424
10,9,1.0001,7,39.70544214899525,35.93935114345387,38.790109182436424
10,9,1.0001,8,39.87937322649833,41.84483315704319,38.790109182436424
10,9,1.0001,9,40.08265613314216,41.85020832797253,38.790109182436424
10,9,1.0001,10,40.63456918845907,39.29384870100765,38.790109182436424
10,9,1.0001,11,39.88592659118579,43.515772923535636,38.790109182436424
10,9,1.0001,12,40.11466074862287,41.456821187526785,38.790109182436424
10,9,1.0001,13,39.72125493531402,40.711422712181914,38.790109182436424
10,9,1.0001,14,39.79181064774131,37.60774054578738,38.790109182436424
10,9,1.0001,15,40.15192812379648,43.16005670921234,38.790109182436424
10,9,1.001,1,40.60676947549722,41.32251244406228,39.34852687696999
10,9,1.001,2,40.264590408403365,40.28721030252722,39.34852687696999
10,9,1.001,3,40.17339514820913,39.28695165143752,39.34852687696999
10,9,1.001,4,40.53581570573593,40.19427360513054,39.34852687696999
10,9,1.001,5,39.922853655557745,39.47421582553361,39.34852687696999
10,9,1.001,6,39.849106612132076,41.86435939418459,39.34852687696999
10,9,1.001,7,40.42475210932878,38.91683224733815,39.34852687696999
10,9,1.001,8,40.07167019742653,41.27425537494228,39.34852687696999
10,9,1.001,9,40.31613731321763,40.011056651142844,39.34852687696999
10,9,1.001,10,40.327802931179164,41.71940488471214,39.34852687696999
10,9,1.001,11,40.20794389723887,43.48813294625845,39.34852687696999
10,9,1.001,12,40.40395570944465,39.226315769130835,39.34852687696999
10,9,1.001,13,39.82039782496588,41.05279753576031,39.34852687696999
10,9,1.001,14,39.37526209302106,38.90130142103546,39.34852687696999
10,9,1.001,15,40.04521319685936,39.84505894940071,39.34852687696999
10,9,1.002,1,40.030923811722495,42.273871053408406,39.969167630403014
10,9,1.002,2,41.15627021568768,40.67073661359918,39.969167630403014
10,9,1.002,3,40.22428003065339,41.13680574522917,39.969167630403014
10,9,1.002,4,40.003664508738886,41.885910718233,39.969167630403014
10,9,1.002,5,39.87176505982518,42.40979936733603,39.969167630403014
10,9,1.002,6,40.418384642655845,37.91406339571522,39.969167630403014
10,9,1.002,7,40.03178656799776,41.046273629480545,39.969167630403014
10,9,1.002,8,40.54716822186048,41.13096728280999,39.969167630403014
10,9,1.002,9,40.574762297749636,41.262185804297765,39.969167630403014
10,9,1.002,10,40.4078028015046,41.51996052352082,39.969167630403014
10,9,1.002,11,40.563363522608704,43.15274628702161,39.969167630403014
10,9,1.002,12,40.46589066662621,41.3919001397961,39.969167630403014
10,9,1.002,13,40.58439073260183,42.45456840659338,39.969167630403014
10,9,1.002,14,39.72888870201371,37.7313672797398,39.969167630403014
10,9,1.002,15,40.634071003954084,41.56577574591481,39.969167630403014
10,9,1.003,1,40.251226041105824,40.92256523805298,40.58960211893517
10,9,1.003,2,40.24481440517036,44.66768182822534,40.58960211893517
10,9,1.003,3,40.07963978215192,44.8673281009574,40.58960211893517
10,9,1.003,4,40.54762136978585,42.80462792931168,40.58960211893517
10,9,1.003,5,40.43751152997063,42.88857640506376,40.58960211893517
10,9,1.003,6,40.60976198625309,40.71492900497828,40.58960211893517
10,9,1.003,7,40.08006489229156,42.55164228682384,40.58960211893517
10,9,1.003,8,40.406494333675916,43.54268097766035,40.58960211893517
10,9,1.003,9,40.37105673318279,40.509275972114146,40.58960211893517
10,9,1.003,10,40.397779293879324,41.52642429937551,40.58960211893517
10,9,1.003,11,40.1732052374775,44.97078785480487,40.58960211893517
10,9,1.003,12,40.03104944673796,42.51940139366917,40.58960211893517
10,9,1.003,13,40.785527829520596,41.033274627808495,40.58960211893517
10,9,1.003,14,40.298560931742486,43.241668191155995,40.58960211893517
10,9,1.003,15,39.9387588860479,43.6526702319147,40.58960211893517
10,9,1.004,1,40.64949727598475,42.76829454256818,41.20942804139304
10,9,1.004,2,40.202547529369056,43.471417738470066,41.20942804139304
10,9,1.004,3,40.50478782132309,41.62493597210085,41.20942804139304
10,9,1.004,4,40.34717567947671,44.13362150131117,41.20942804139304
10,9,1.004,5,40.70486284433914,43.93623902433823,41.20942804139304
10,9,1.004,6,40.547035153726156,44.81798909205337,41.20942804139304
10,9,1.004,7,40.678046285440594,42.811696567586445,41.20942804139304
10,9,1.004,8,40.682860020787636,43.1370854588174,41.20942804139304
10,9,1.004,9,40.16109309347152,40.73276917288568,41.20942804139304
10,9,1.004,10,40.3452941850233,42.66711502986474,41.20942804139304
10,9,1.004,11,40.53298263485089,44.16192980973469,41.20942804139304
10,9,1.004,12,40.1141628114337,42.837240071037755,41.20942804139304
10,9,1.004,13,40.25704358991941,45.784327056387774,41.20942804139304
10,9,1.004,14,40.68553015319723,41.358655823760856,41.20942804139304
10,9,1.004,15,40.11405999901493,43.30805595486089,41.20942804139304
10,9,1.006,1,40.72835218763102,41.523114827345616,42.44567026101301
10,9,1.006,2,40.529276332335535,45.7654611467506,42.44567026101301
10,9,1.006,3,40.7799976896507,45.55090769697504,42.44567026101301
10,9,1.006,4,41.016638666662054,45.35143059075182,42.44567026101301
10,9,1.006,5,40.903847903653315,43.503155251787994,42.44567026101301
10,9,1.006,6,40.86458868143321,42.87675128353583,42.44567026101301
10,9,1.006,7,41.0444847465164,44.03906349108778,42.44567026101301
10,9,1.006,8,41.11364711186833,45.888527600000764,42.44567026101301
10,9,1.006,9,40.3056710068637,45.95694734536377,42.44567026101301
10,9,1.006,10,40.85825212201848,43.59911625932542,42.44567026101301
10,9,1.006,11,41.201346177552175,45.82457919419294,42.44567026101301
10,9,1.006,12,40.98215402828585,42.01738284255651,42.44567026101301
10,9,1.006,13,40.78981107568906,44.00026447069078,42.44567026101301
10,9,1.006,14,40.76731708262941,45.29225449950011,42.44567026101301
10,9,1.006,15,40.41011855802047,45.236937480953316,42.44567026101301
10,9,1.01,1,41.159494950395874,43.76049845695172,44.893833804020225
10,9,1.01,2,41.18859892309224,45.72687343110489,44.893833804020225
10,9,1.01,3,40.77503827553788,45.490332721075745,44.893833804020225
10,9,1.01,4,41.67146503796692,45.15485101535116,44.893833804020225
10,9,1.01,5,41.25813366112188,45.3527541437123,44.893833804020225
10,9,1.01,6,41.067217558108624,46.00175507840129,44.893833804020225
10,9,1.01,7,40.70481420613996,45.306779331460774,44.893833804020225
10,9,1.01,8,40.836539757445074,47.96371610248268,44.893833804020225
10,9,1.01,9,41.3672597190294,47.13454184605673,44.893833804020225
10,9,1.01,10,40.711478719963004,49.30754351138029,44.893833804020225
10,9,1.01,11,41.288230824135596,46.87524153969655,44.893833804020225
10,9,1.01,12,41.14102051900841,47.40861242506656,44.893833804020225
10,9,1.01,13,41.180806231259055,46.603737233135384,44.893833804020225
10,9,1.01,14,41.293521563328284,46.59126040375682,44.893833804020225
10,9,1.01,15,40.75379140558821,43.86473030709433,44.893833804020225
