config,policy,layout_id,seed,missions_total,missions_completed,unfinished_at_cap,miss_rate,f12_Z,f12_cmax_term,f12_energy_term,f12_tardy_term,safety_violations,gate_binding_rate,mean_on_pad_queue_length,charge_sessions
density_scarce,baseline,0,1,785,785,0,0.0,1.9600812706308135,1.001,0.9590812706308137,0.0,0,0.256198347107438,3.981018981018981,107
density_scarce,baseline,0,2,809,809,0,0.0,1.9439685098655914,1.0,0.9439685098655914,0.0,0,0.30578512396694213,6.415,106
density_scarce,baseline,0,3,808,808,0,0.39603960396039606,2.241371804193042,1.09,0.9465611482082569,0.2048106559847851,0,0.2874015748031496,11.887155963302753,108
density_scarce,baseline,0,4,822,822,0,0.35036496350364965,2.402270418289825,1.097,0.9424678666687134,0.3628025516211119,0,0.30078125,10.501367365542388,110
density_scarce,baseline,0,5,760,760,0,0.0,1.9290669902496467,1.001,0.9280669902496468,0.0,0,0.28205128205128205,7.764235764235765,99
density_scarce,baseline,0,6,861,861,0,0.0,1.9604876385654786,1.002,0.9584876385654786,0.0,0,0.2748091603053435,5.570858283433134,116
density_scarce,baseline,1,7,730,730,0,0.0,1.9750536486954846,1.002,0.9730536486954846,0.0,0,0.4690265486725664,7.560878243512974,99
density_scarce,baseline,1,8,777,777,0,0.0,2.012527000150023,0.999,1.0135270001500232,0.0,0,0.4525862068965517,2.83,108
density_scarce,baseline,1,9,794,794,0,0.0,1.9865342107377661,1.001,0.9855342107377664,0.0,0,0.45161290322580644,5.523476523476523,112
density_scarce,baseline,1,10,842,842,0,0.0,1.96200517990869,1.001,0.96100517990869,0.0,0,0.45075757575757575,6.013986013986014,116
density_scarce,baseline,1,11,796,796,0,0.0,1.9738035535999252,1.001,0.9728035535999252,0.0,0,0.475,5.815184815184815,108
density_scarce,baseline,1,12,746,746,0,0.0,2.017396043260552,1.001,1.0163960432605523,0.0,0,0.4690265486725664,2.5054945054945055,108
density_scarce,baseline,2,13,802,802,0,0.0,1.9723019863192692,1.0,0.9723019863192691,0.0,0,0.2565217391304348,4.387,105
density_scarce,baseline,2,14,829,829,0,0.0,1.9432648894205542,1.003,0.9402648894205542,0.0,0,0.24609375,6.273180458624128,110
density_scarce,baseline,2,15,788,788,0,0.0,2.009288505443175,1.002,1.0072885054431753,0.0,0,0.22807017543859648,2.344311377245509,108
density_scarce,baseline,2,16,776,776,0,0.0,1.9837820237443196,1.002,0.9817820237443197,0.0,0,0.2782608695652174,4.3163672654690615,106
density_scarce,baseline,2,17,850,850,0,0.0,1.9759065160307812,1.031,0.9449065160307812,0.0,0,0.24812030075187969,6.2987390882638215,115
density_scarce,baseline,2,18,811,811,0,0.0,1.9760096345285363,1.0,0.9760096345285362,0.0,0,0.29365079365079366,4.893,113
density_scarce,baseline,3,19,768,768,0,0.0,1.9451820584700368,1.017,0.928182058470037,0.0,0,0.3771186440677966,8.152409046214355,101
density_scarce,baseline,3,20,811,811,0,0.19852034525277434,2.088517165887359,1.074,0.9327409919795352,0.08177617390782356,0,0.3464566929133858,10.519553072625698,108
density_scarce,baseline,3,21,820,820,0,0.0,1.9390497379851666,1.007,0.9320497379851667,0.0,0,0.36,9.592850049652434,106
density_scarce,baseline,3,22,778,778,0,0.010282776349614395,1.9582122090715868,1.039,0.9187991954817747,0.0004130135898122514,0,0.3697478991596639,7.429258902791146,100
density_scarce,baseline,3,23,788,788,0,0.0,1.9403800430601459,1.01,0.9303800430601458,0.0,0,0.36885245901639346,8.005940594059405,104
density_scarce,baseline,3,24,766,766,0,0.0,1.9450816335361676,1.012,0.9330816335361675,0.0,0,0.3416666666666667,8.33399209486166,102
density_scarce,baseline,4,25,782,608,174,0.37468030690537085,4.483287548499766,1.135,0.887749309082727,2.460538239417039,0,0.30319148936170215,13.512775330396476,75
density_scarce,baseline,4,26,777,655,122,0.32947232947232946,3.7696013681443725,1.135,0.9139059276900602,1.7206954404543124,0,0.28846153846153844,12.23876651982379,85
density_scarce,baseline,4,27,789,665,124,0.4448669201520912,3.712573687042691,1.135,0.9066482047556246,1.670925482287067,0,0.28921568627450983,13.799118942731278,84
density_scarce,baseline,4,28,744,638,106,0.30510752688172044,3.103158193998656,1.135,0.9036636720960204,1.0644945219026358,0,0.30097087378640774,12.133920704845815,84
density_scarce,baseline,4,29,865,639,226,0.41965317919075146,5.029199700318142,1.135,0.9004654228031588,2.9937342775149833,0,0.3247422680412371,14.622907488986785,79
density_scarce,baseline,4,30,791,630,161,0.37041719342604296,4.15198106754681,1.135,0.8986092357480352,2.118371831798775,0,0.2871287128712871,14.503083700440529,82
density_scarce,jsq,0,1,785,785,0,0.0,2.0167528576842475,1.0,1.0167528576842475,0.0,0,0.2711864406779661,1.84,109
density_scarce,jsq,0,2,809,809,0,0.0,2.0136191505406167,1.002,1.0116191505406165,0.0,0,0.3305785123966942,3.7714570858283434,113
density_scarce,jsq,0,3,808,808,0,0.0,2.020543240710095,0.997,1.023543240710095,0.0,0,0.32083333333333336,2.774,113
density_scarce,jsq,0,4,822,822,0,0.0,1.983042191345668,1.0,0.9830421913456678,0.0,0,0.3055555555555556,4.979,114
density_scarce,jsq,0,5,760,760,0,0.0,2.033548672992902,1.001,1.0325486729929019,0.0,0,0.30869565217391304,2.5504495504495504,110
density_scarce,jsq,0,6,861,861,0,0.0,1.9664637945474033,1.004,0.9624637945474033,0.0,0,0.29259259259259257,6.090637450199203,118
density_scarce,jsq,1,7,730,730,0,0.0,1.998230204417996,1.001,0.9972302044179961,0.0,0,0.46875,3.2707292707292708,106
density_scarce,jsq,1,8,777,777,0,0.0,1.9953308067720925,1.0,0.9953308067720925,0.0,0,0.47844827586206895,2.433,107
density_scarce,jsq,1,9,794,794,0,0.0,1.9809447651551826,1.002,0.9789447651551826,0.0,0,0.46774193548387094,3.7325349301397206,109
density_scarce,jsq,1,10,842,842,0,0.0,1.9654574910525768,1.009,0.9564574910525769,0.0,0,0.46564885496183206,7.21605550049554,112
density_scarce,jsq,1,11,796,796,0,0.0,2.0147172969033034,1.001,1.0137172969033035,0.0,0,0.46153846153846156,2.917082917082917,114
density_scarce,jsq,1,12,746,746,0,0.0,2.030179599240685,1.0,1.030179599240685,0.0,0,0.4782608695652174,1.811,109
density_scarce,jsq,2,13,802,802,0,0.0,2.0105238601490774,1.0,1.0105238601490774,0.0,0,0.2754237288135593,2.123,110
density_scarce,jsq,2,14,829,829,0,0.0,1.9935395238751488,1.002,0.9915395238751487,0.0,0,0.28,3.1397205588822357,114
density_scarce,jsq,2,15,788,788,0,0.0,2.0102019883536824,1.001,1.0092019883536825,0.0,0,0.2815126050420168,2.9330669330669332,109
density_scarce,jsq,2,16,776,776,0,0.0,2.036340760281024,1.003,1.0333407602810243,0.0,0,0.26339285714285715,1.913260219341974,107
density_scarce,jsq,2,17,850,850,0,0.0,1.9840559295483848,1.024,0.9600559295483848,0.0,0,0.27007299270072993,7.958984375,118
density_scarce,jsq,2,18,811,811,0,0.0,2.0119049751599585,1.001,1.0109049751599584,0.0,0,0.304,3.826173826173826,116
density_scarce,jsq,3,19,768,768,0,0.0,1.988186015712365,1.002,0.9861860157123649,0.0,0,0.3793103448275862,4.187624750499002,106
density_scarce,jsq,3,20,811,811,0,0.0,1.980125428637109,1.0,0.980125428637109,0.0,0,0.3373015873015873,5.91,114
density_scarce,jsq,3,21,820,820,0,0.0,2.012565628323566,1.0,1.012565628323566,0.0,0,0.3617886178861789,3.47,115
density_scarce,jsq,3,22,778,778,0,0.0,2.0291144172697813,0.997,1.0321144172697811,0.0,0,0.32905982905982906,2.844,110
density_scarce,jsq,3,23,788,788,0,0.0,2.0346602760974064,1.0,1.0346602760974064,0.0,0,0.31896551724137934,2.629,112
density_scarce,jsq,3,24,766,766,0,0.0,1.9765007040165892,1.002,0.9745007040165892,0.0,0,0.36324786324786323,4.549900199600798,102
density_scarce,jsq,4,25,782,782,0,0.0,1.9905067627683288,1.002,0.9885067627683289,0.0,0,0.2863247863247863,2.906187624750499,106
density_scarce,jsq,4,26,777,777,0,0.0,1.940527458635505,1.011,0.9295274586355052,0.0,0,0.3418803418803419,7.051434223541048,99
density_scarce,jsq,4,27,789,789,0,0.07731305449936629,2.068949293745242,1.077,0.9602975716901759,0.03165172205506616,0,0.35080645161290325,9.668523676880223,106
density_scarce,jsq,4,28,744,744,0,0.0,1.9761841070373114,1.001,0.9751841070373116,0.0,0,0.29545454545454547,3.3836163836163835,101
density_scarce,jsq,4,29,865,865,0,0.09595375722543352,2.108592243484,1.085,0.9761306100719882,0.047461633412012136,0,0.3111111111111111,11.211981566820276,117
density_scarce,jsq,4,30,791,791,0,0.0,1.9747082643787663,1.002,0.9727082643787663,0.0,0,0.29435483870967744,6.039920159680639,112
density_scarce,ours,0,1,785,785,0,0.0,2.5639020353276747,1.001,1.5629020353276748,0.0,0,0.040300546448087435,3.3216783216783217,724
density_scarce,ours,0,2,809,809,0,0.0,2.594810012886655,1.0,1.5948100128866551,0.0,0,0.05,4.051,767
density_scarce,ours,0,3,808,808,0,0.0,2.5514732036231376,0.999,1.5524732036231377,0.0,0,0.04409857328145266,5.389,755
density_scarce,ours,0,4,822,822,0,0.0,2.5467173014791937,1.001,1.5457173014791938,0.0,0,0.041343669250646,6.21978021978022,759
density_scarce,ours,0,5,760,760,0,0.0,2.585494886675333,1.0,1.5854948866753331,0.0,0,0.042119565217391304,3.175,726
density_scarce,ours,0,6,861,861,0,0.0,2.5490233593779816,1.02,1.5290233593779814,0.0,0,0.048693586698337295,6.536274509803921,826
density_scarce,ours,1,7,730,730,0,0.30273972602739724,2.787302433742757,1.065,1.4666121022577938,0.2556903314849633,0,0.15894868585732166,10.310798122065728,782
density_scarce,ours,1,8,777,777,0,0.40797940797940796,2.9552039941867974,1.119,1.4586732560806452,0.3775307381061519,0,0.15295480880648898,10.629133154602323,845
density_scarce,ours,1,9,794,794,0,0.3350125944584383,2.8522709864471567,1.117,1.4583137598306217,0.2769572266165349,0,0.17455621301775148,10.88630259623993,828
density_scarce,ours,1,10,842,770,72,0.5225653206650831,3.866969098670128,1.135,1.4341111567241167,1.2978579419460112,0,0.1718362282878412,11.951541850220265,786
density_scarce,ours,1,11,796,786,10,0.5590452261306532,3.6152083404957747,1.135,1.4734217440011668,1.0067865964946079,0,0.16605392156862744,11.713656387665198,798
density_scarce,ours,1,12,746,746,0,0.3552278820375335,2.8968440781175344,1.091,1.4541248300894656,0.3517192480280687,0,0.1532567049808429,9.61044912923923,766
density_scarce,ours,2,13,802,802,0,0.0685785536159601,2.532785826806805,1.018,1.5073052294814384,0.007480597325366308,0,0.038154897494305236,7.931237721021611,861
density_scarce,ours,2,14,829,829,0,0.020506634499396863,2.6134855955450953,1.052,1.560220544827633,0.0012650507174624792,0,0.03780617678381257,7.777566539923955,924
density_scarce,ours,2,15,788,788,0,0.0,2.5584848743498947,1.001,1.5574848743498948,0.0,0,0.03608247422680412,5.646353646353647,859
density_scarce,ours,2,16,776,776,0,0.0,2.595825639996515,1.002,1.593825639996515,0.0,0,0.032721010332950634,5.712574850299402,862
density_scarce,ours,2,17,850,850,0,0.12588235294117647,2.6183551232997773,1.054,1.5393801556065696,0.0249749676932075,0,0.035480349344978165,8.995256166982923,900
density_scarce,ours,2,18,811,811,0,0.10357583230579531,2.6351706797589642,1.059,1.558865136890836,0.017305542868128614,0,0.048752834467120185,10.765816808309726,866
density_scarce,ours,3,19,768,768,0,0.0,2.50669468125327,1.012,1.49469468125327,0.0,0,0.06371359223300971,5.24505928853755,807
density_scarce,ours,3,20,811,811,0,0.2959309494451295,2.6582515105191575,1.049,1.5179085090782016,0.09134300144095592,0,0.05956678700361011,9.92183031458532,814
density_scarce,ours,3,21,820,820,0,0.018292682926829267,2.532457559280246,1.022,1.5092202089170492,0.0012373503631966695,0,0.0644208037825059,9.54109589041096,830
density_scarce,ours,3,22,778,778,0,0.0,2.5480607903703407,0.997,1.5510607903703406,0.0,0,0.05997552019583843,5.332,812
density_scarce,ours,3,23,788,788,0,0.0,2.489603916556433,1.005,1.484603916556433,0.0,0,0.06632064590542099,7.872636815920398,852
density_scarce,ours,3,24,766,766,0,0.0,2.501376289778577,1.005,1.4963762897785773,0.0,0,0.0685897435897436,8.597014925373134,764
density_scarce,ours,4,25,782,740,42,0.5831202046035806,3.9682798937278774,1.135,1.5177970394870703,1.3154828542408075,0,0.0453056768558952,12.343612334801762,900
density_scarce,ours,4,26,777,738,39,0.5276705276705277,4.113953935525702,1.135,1.5124813157395562,1.4664726197861457,0,0.055970149253731345,12.27488986784141,919
density_scarce,ours,4,27,789,742,47,0.6032953105196451,4.00028192686543,1.135,1.486125600376515,1.379156326488915,0,0.044751381215469614,12.420264317180617,885
density_scarce,ours,4,28,744,744,0,0.4583333333333333,3.0156712717731096,1.102,1.4895461449815355,0.42412512679157427,0,0.04665203073545554,11.16606170598911,895
density_scarce,ours,4,29,865,767,98,0.6023121387283237,4.804586158261946,1.135,1.4939003632349142,2.1756857950270327,0,0.04332313965341488,13.191189427312775,963
density_scarce,ours,4,30,791,777,14,0.5575221238938053,3.4351157905386676,1.135,1.4867070953558414,0.8134086951828262,0,0.05186020293122886,13.006167400881058,869
density_scarce,B3_use_queue_term_False,0,1,785,785,0,0.0,2.4555118369599374,1.0,1.4555118369599374,0.0,0,0.04771784232365145,3.905,712
density_scarce,B3_use_queue_term_False,0,2,809,809,0,0.0,2.4291228388726696,1.016,1.4131228388726693,0.0,0,0.05945945945945946,9.538385826771654,724
density_scarce,B3_use_queue_term_False,0,3,808,808,0,0.0,2.4533209667347045,0.998,1.4553209667347047,0.0,0,0.050271739130434784,4.778,731
density_scarce,B3_use_queue_term_False,0,4,822,822,0,0.09975669099756691,2.488300403000629,1.04,1.422616006824695,0.025684396175933752,0,0.037333333333333336,8.684615384615384,735
density_scarce,B3_use_queue_term_False,0,5,760,760,0,0.0,2.508906464171887,1.0,1.5089064641718868,0.0,0,0.05116959064327485,3.121,679
density_scarce,B3_use_queue_term_False,0,6,861,861,0,0.0859465737514518,2.4824303767968066,1.065,1.407010154012153,0.010420222784653837,0,0.05613577023498695,9.48544600938967,748
density_scarce,B3_use_queue_term_False,1,7,730,730,0,0.2958904109589041,2.731475166831156,1.079,1.3573298748484355,0.29514529198272077,0,0.1649417852522639,10.529193697868397,754
density_scarce,B3_use_queue_term_False,1,8,777,777,0,0.3680823680823681,2.670170452937158,1.102,1.357000252967043,0.2111701999701146,0,0.16908212560386474,11.077132486388384,812
density_scarce,B3_use_queue_term_False,1,9,794,794,0,0.4244332493702771,2.788748594471625,1.108,1.3561240835619395,0.32462451090968514,0,0.16552119129438717,11.844765342960288,857
density_scarce,B3_use_queue_term_False,1,10,842,826,16,0.42636579572446553,3.1418728543441796,1.135,1.3603827237747286,0.6464901305694513,0,0.16606280193236714,11.899559471365638,809
density_scarce,B3_use_queue_term_False,1,11,796,790,6,0.5778894472361809,3.320318442011628,1.135,1.3580478449704059,0.8272705970412223,0,0.17694204685573367,11.896035242290749,795
density_scarce,B3_use_queue_term_False,1,12,746,746,0,0.41823056300268097,2.9416340169608377,1.105,1.3546745865693084,0.4819594303915292,0,0.16049382716049382,11.263348416289594,792
density_scarce,B3_use_queue_term_False,2,13,802,802,0,0.08478802992518704,2.4686456515721957,1.038,1.4199789454010001,0.010666706171196017,0,0.037628278221208664,7.944123314065511,859
density_scarce,B3_use_queue_term_False,2,14,829,829,0,0.18697225572979492,2.566792328814473,1.075,1.3852158736918283,0.10657645512264492,0,0.049723756906077346,9.44186046511628,887
density_scarce,B3_use_queue_term_False,2,15,788,788,0,0.0,2.4809977349481716,1.002,1.4789977349481715,0.0,0,0.03579952267303103,4.637724550898204,837
density_scarce,B3_use_queue_term_False,2,16,776,776,0,0.0,2.4248041598543386,1.002,1.4228041598543384,0.0,0,0.04561824729891957,9.684630738522953,821
density_scarce,B3_use_queue_term_False,2,17,850,850,0,0.27176470588235296,2.5632041204181286,1.071,1.414963959001117,0.07724016141701201,0,0.040158371040723985,10.125116713352007,868
density_scarce,B3_use_queue_term_False,2,18,811,811,0,0.2466091245376079,2.543284868973652,1.051,1.4385611283868254,0.05372374058682668,0,0.04242081447963801,11.858230256898192,868
density_scarce,B3_use_queue_term_False,3,19,768,768,0,0.15885416666666666,2.5527320184250737,1.082,1.3618452714865918,0.10888674693848178,0,0.08005427408412483,11.502772643253234,720
density_scarce,B3_use_queue_term_False,3,20,811,784,27,0.5006165228113441,3.505656595788614,1.135,1.3397951950855838,1.0308614007030306,0,0.08071428571428571,12.07488986784141,682
density_scarce,B3_use_queue_term_False,3,21,820,805,15,0.37682926829268293,3.0954502688989756,1.135,1.3560297520074676,0.6044205168915079,0,0.08264462809917356,12.755947136563877,707
density_scarce,B3_use_queue_term_False,3,22,778,778,0,0.37532133676092544,2.8294028352658986,1.11,1.3431266658489964,0.37627616941690223,0,0.07692307692307693,12.36126126126126,710
density_scarce,B3_use_queue_term_False,3,23,788,788,0,0.36928934010152287,2.695326862897252,1.073,1.3500065030300994,0.2723203598671528,0,0.06948051948051948,11.80242311276794,752
density_scarce,B3_use_queue_term_False,3,24,766,766,0,0.4451697127937337,2.847742864509327,1.098,1.358802135099457,0.39094072940987,0,0.0690406976744186,10.512750455373407,670
density_scarce,B3_use_queue_term_False,4,25,782,536,246,0.45524296675191817,6.7296049054461955,1.135,1.287300445523845,4.30730445992235,0,0.06170598911070781,15.16387665198238,533
density_scarce,B3_use_queue_term_False,4,26,777,533,244,0.4697554697554698,6.799708253921594,1.135,1.2995382711048935,4.3651699828167,0,0.06129597197898424,15.12863436123348,553
density_scarce,B3_use_queue_term_False,4,27,789,528,261,0.4816223067173637,7.117030092824003,1.135,1.2717604168109318,4.710269676013072,0,0.045023696682464455,15.222026431718062,615
density_scarce,B3_use_queue_term_False,4,28,744,542,202,0.4932795698924731,5.986842077863923,1.135,1.2628940676356786,3.5889480102282443,0,0.05921052631578947,14.86079295154185,590
density_scarce,B3_use_queue_term_False,4,29,865,550,315,0.44046242774566474,7.367532061361111,1.135,1.2766986534972526,4.9558334078638575,0,0.04950495049504951,15.723348017621145,586
density_scarce,B3_use_queue_term_False,4,30,791,551,240,0.5145385587863464,6.848790317145392,1.135,1.2716468400249614,4.44214347712043,0,0.05499153976311337,15.656387665198238,571
density_scarce,use_reservation_False,0,1,785,785,0,0.0,2.5007928440440326,1.0,1.5007928440440323,0.0,0,0.048209366391184574,3.115,721
density_scarce,use_reservation_False,0,2,809,809,0,0.0,2.4839171016053494,1.04,1.4439171016053494,0.0,0,0.0541838134430727,9.875961538461539,710
density_scarce,use_reservation_False,0,3,808,808,0,0.0,2.4672882102370832,0.997,1.4702882102370833,0.0,0,0.04900662251655629,4.996,743
density_scarce,use_reservation_False,0,4,822,822,0,0.17518248175182483,2.5752069424812305,1.078,1.4177473917351613,0.07945955074606896,0,0.04881450488145049,9.412801484230055,699
density_scarce,use_reservation_False,0,5,760,760,0,0.0,2.441561354575338,1.0,1.4415613545753383,0.0,0,0.05413105413105413,4.851,691
density_scarce,use_reservation_False,0,6,861,861,0,0.11149825783972125,2.5342767634509276,1.089,1.4102512849288225,0.03502547852210536,0,0.05181347150259067,9.908172635445363,757
density_scarce,use_reservation_False,1,7,730,730,0,0.27534246575342464,2.702620371782259,1.087,1.3755941003209833,0.2400262714612756,0,0.16623711340206185,9.792088316467341,758
density_scarce,use_reservation_False,1,8,777,777,0,0.15958815958815958,2.598397981937883,1.105,1.3745889207530266,0.1188090611848563,0,0.1769964243146603,10.731221719457013,821
density_scarce,use_reservation_False,1,9,794,794,0,0.2304785894206549,2.689418100957536,1.104,1.3982094830187357,0.18720861793880034,0,0.17657550535077288,10.259057971014492,824
density_scarce,use_reservation_False,1,10,842,801,41,0.38836104513064135,3.1984062861880185,1.135,1.3672250962521726,0.6961811899358459,0,0.17135862913096694,12.011453744493393,798
density_scarce,use_reservation_False,1,11,796,795,1,0.5678391959798995,3.213952163438332,1.135,1.388489433489594,0.6904627299487383,0,0.18401486988847585,11.874889867841409,790
density_scarce,use_reservation_False,1,12,746,746,0,0.3190348525469169,2.662904021085897,1.08,1.365068212071553,0.21783580901434396,0,0.17870967741935484,10.09074074074074,756
density_scarce,use_reservation_False,2,13,802,802,0,0.0,2.4355378211734915,1.008,1.4275378211734915,0.0,0,0.03751465416178194,7.714285714285714,837
density_scarce,use_reservation_False,2,14,829,829,0,0.1519903498190591,2.5408938773856704,1.082,1.4198038922979168,0.039089985087753444,0,0.048478015783540024,8.864140480591498,869
density_scarce,use_reservation_False,2,15,788,788,0,0.0,2.469443500582382,1.001,1.468443500582382,0.0,0,0.0397196261682243,4.608391608391608,852
density_scarce,use_reservation_False,2,16,776,776,0,0.0,2.4643965372555847,1.002,1.4623965372555845,0.0,0,0.04221165279429251,7.941117764471058,832
density_scarce,use_reservation_False,2,17,850,850,0,0.19411764705882353,2.5517955544429465,1.076,1.411423576140842,0.0643719783021043,0,0.047766749379652605,9.862453531598513,790
density_scarce,use_reservation_False,2,18,811,811,0,0.03329223181257707,2.536281457386343,1.069,1.46047157497865,0.006809882407692961,0,0.05126658624849216,11.442469597754911,813
density_scarce,use_reservation_False,3,19,768,768,0,0.14192708333333334,2.6191431270231846,1.122,1.3777478504937601,0.11939527652942482,0,0.07777777777777778,11.54812834224599,701
density_scarce,use_reservation_False,3,20,811,745,66,0.3933415536374846,3.515980295637762,1.135,1.371778302067378,1.0092019935703842,0,0.0787518573551263,11.559471365638766,654
density_scarce,use_reservation_False,3,21,820,805,15,0.44878048780487806,3.1654696130760005,1.135,1.3673620009997112,0.6631076120762892,0,0.08913649025069638,12.831718061674009,699
density_scarce,use_reservation_False,3,22,778,778,0,0.2493573264781491,2.741996453699736,1.104,1.3618166012157698,0.27617985248396615,0,0.075177304964539,11.357789855072463,688
density_scarce,use_reservation_False,3,23,788,788,0,0.2956852791878173,2.685326924305092,1.086,1.357601129986077,0.2417257943190147,0,0.06964520367936924,10.66206261510129,743
density_scarce,use_reservation_False,3,24,766,750,16,0.38511749347258484,2.9832870481988163,1.135,1.3554527381163815,0.4928343100824344,0,0.0907715582450832,10.651982378854626,642
density_scarce,use_reservation_False,4,25,782,475,307,0.3721227621483376,7.13633308911084,1.135,1.3665497789931147,4.634783310117726,0,0.0517578125,15.15330396475771,493
density_scarce,use_reservation_False,4,26,777,496,281,0.38738738738738737,6.7503886479894435,1.135,1.372685938699317,4.242702709290127,0,0.0546448087431694,15.084581497797357,531
density_scarce,use_reservation_False,4,27,789,514,275,0.40304182509505704,6.379686903621765,1.135,1.3459493629194992,3.8987375407022657,0,0.059674502712477394,14.874889867841409,533
density_scarce,use_reservation_False,4,28,744,514,230,0.44086021505376344,6.109210384344458,1.135,1.3282075175840176,3.6460028667604396,0,0.05663716814159292,14.656387665198238,545
density_scarce,use_reservation_False,4,29,865,499,366,0.376878612716763,7.634627001398207,1.135,1.3620870164488472,5.13753998494936,0,0.05648148148148148,15.79647577092511,521
density_scarce,use_reservation_False,4,30,791,478,313,0.4336283185840708,7.167127260070053,1.135,1.3311711860266515,4.700956074043401,0,0.0625,15.91453744493392,501
density_scarce,use_priority_False,0,1,785,785,0,0.0,2.5712488234816773,1.0,1.5712488234816775,0.0,0,0.04149659863945578,3.454,723
density_scarce,use_priority_False,0,2,809,809,0,0.0,2.587708365509471,1.001,1.5867083655094707,0.0,0,0.04929577464788732,4.7742257742257745,770
density_scarce,use_priority_False,0,3,808,808,0,0.0,2.545941707211962,1.008,1.5379417072119617,0.0,0,0.05295566502463054,7.999007936507937,798
density_scarce,use_priority_False,0,4,822,822,0,0.0,2.5511468479103394,1.005,1.5461468479103395,0.0,0,0.04533333333333334,6.390049751243781,733
density_scarce,use_priority_False,0,5,760,760,0,0.0,2.5808923377288355,1.001,1.5798923377288354,0.0,0,0.047156726768377254,2.873126873126873,717
density_scarce,use_priority_False,0,6,861,861,0,0.0,2.5442543112703913,1.019,1.5252543112703913,0.0,0,0.0534037558685446,6.889106967615309,836
density_scarce,use_priority_False,1,7,730,730,0,0.30547945205479454,2.7801229529419174,1.063,1.4637971414859994,0.25332581145591826,0,0.15294840294840295,9.536218250235184,797
density_scarce,use_priority_False,1,8,777,777,0,0.3539253539253539,2.7792125384020983,1.115,1.465575799103156,0.19863673929894238,0,0.1687116564417178,10.348878923766817,798
density_scarce,use_priority_False,1,9,794,791,3,0.49748110831234255,3.2571913063790947,1.135,1.454756687812894,0.6674346185662006,0,0.16974169741697417,11.552422907488987,794
density_scarce,use_priority_False,1,10,842,792,50,0.48812351543942994,3.5849736785575974,1.135,1.4298003030707,1.0201733754868973,0,0.1658322903629537,11.863436123348018,779
density_scarce,use_priority_False,1,11,796,788,8,0.5653266331658291,3.5353396251797857,1.135,1.4404097942056364,0.9599298309741491,0,0.1825876662636034,11.693392070484581,808
density_scarce,use_priority_False,1,12,746,746,0,0.39276139410187666,3.1048538588285046,1.119,1.445585515180903,0.5402683436476017,0,0.1599749058971142,10.159964253798034,782
density_scarce,use_priority_False,2,13,802,802,0,0.08104738154613467,2.5471170155468617,1.018,1.5172049241084893,0.011912091438371991,0,0.036931818181818184,7.918467583497053,866
density_scarce,use_priority_False,2,14,829,829,0,0.06634499396863691,2.617898922134123,1.058,1.5471524319689678,0.012746490165155713,0,0.041487068965517244,8.309073724007561,911
density_scarce,use_priority_False,2,15,788,788,0,0.0,2.56628267225548,1.001,1.56528267225548,0.0,0,0.03356481481481482,5.061938061938062,849
density_scarce,use_priority_False,2,16,776,776,0,0.0,2.5902929543818387,1.002,1.5882929543818387,0.0,0,0.038680318543799774,6.5728542914171655,867
density_scarce,use_priority_False,2,17,850,850,0,0.2223529411764706,2.6592653399102986,1.056,1.5362196351434871,0.06704570476681126,0,0.033936651583710405,9.226325757575758,868
density_scarce,use_priority_False,2,18,811,811,0,0.013563501849568433,2.582579082501382,1.022,1.560086551156739,0.0004925313446428726,0,0.04161979752530934,10.5146771037182,873
density_scarce,use_priority_False,3,19,768,768,0,0.0,2.477064819383047,1.007,1.4700648193830472,0.0,0,0.06796116504854369,5.551142005958292,806
density_scarce,use_priority_False,3,20,811,811,0,0.34278668310727495,2.7253108221694617,1.055,1.5110920463030273,0.15921877586643418,0,0.0696969696969697,9.876777251184834,808
density_scarce,use_priority_False,3,21,820,820,0,0.02195121951219512,2.5300412855253316,1.019,1.509275067603867,0.0017662179214645766,0,0.07126168224299065,9.182531894013739,842
density_scarce,use_priority_False,3,22,778,778,0,0.0,2.5014900009679506,1.0,1.5014900009679506,0.0,0,0.06563245823389022,7.958,821
density_scarce,use_priority_False,3,23,788,788,0,0.0,2.528151996530405,1.0,1.528151996530405,0.0,0,0.060324825986078884,6.755,857
density_scarce,use_priority_False,3,24,766,766,0,0.0,2.509501519467678,1.003,1.506501519467678,0.0,0,0.07317073170731707,8.108673978065802,764
density_scarce,use_priority_False,4,25,782,760,22,0.6112531969309463,3.792206597374001,1.135,1.466588681584479,1.190617915789522,0,0.04540420819490587,12.294273127753303,883
density_scarce,use_priority_False,4,26,777,759,18,0.525096525096525,3.760738296734392,1.135,1.5036576643882398,1.1220806323461523,0,0.049189189189189186,11.839647577092512,906
density_scarce,use_priority_False,4,27,789,758,31,0.5627376425855514,3.8152224291886414,1.135,1.4937237923057622,1.186498636882879,0,0.04580152671755725,12.345374449339207,898
density_scarce,use_priority_False,4,28,744,744,0,0.4529569892473118,3.169451885023739,1.129,1.4859194191653227,0.5545324658584166,0,0.04721030042918455,10.946855624446412,918
density_scarce,use_priority_False,4,29,865,763,102,0.6034682080924856,4.846611458653227,1.135,1.501095887216488,2.2105155714367384,0,0.05091649694501019,13.176211453744493,962
density_scarce,use_priority_False,4,30,791,774,17,0.6144121365360303,3.543070141780132,1.135,1.456109587799746,0.9519605539803858,0,0.052071668533034715,13.277533039647578,874
density_scarce,use_partial_False,0,1,785,785,0,0.0,2.0618384120523974,1.032,1.0298384120523971,0.0,0,0.04304635761589404,6.482558139534884,134
density_scarce,use_partial_False,0,2,809,809,0,0.3226205191594561,2.438571056801065,1.115,1.0331472481239448,0.29042380867712003,0,0.06521739130434782,10.992825112107623,143
density_scarce,use_partial_False,0,3,808,801,7,0.42945544554455445,2.8482116752644915,1.135,1.02674855536531,0.6864631198991816,0,0.0705521472392638,12.158590308370044,143
density_scarce,use_partial_False,0,4,822,822,0,0.34793187347931875,2.5239038396475877,1.11,1.0296248365414877,0.38427900310609964,0,0.037037037037037035,10.26936936936937,144
density_scarce,use_partial_False,0,5,760,760,0,0.0,2.060149941196673,1.021,1.0391499411966731,0.0,0,0.03691275167785235,9.041136141038198,130
density_scarce,use_partial_False,0,6,861,835,26,0.437862950058072,2.966357159796097,1.135,1.027978153854836,0.8033790059412609,0,0.06626506024096386,11.977092511013216,148
density_scarce,use_partial_False,1,7,730,730,0,0.13013698630136986,2.1245006056259004,1.043,1.035567761062404,0.04593284456349674,0,0.1404109589041096,8.838926174496644,129
density_scarce,use_partial_False,1,8,777,777,0,0.3539253539253539,2.3296819261358523,1.102,1.0510271476073056,0.17665477852854655,0,0.13870967741935483,10.48366606170599,137
density_scarce,use_partial_False,1,9,794,793,1,0.44962216624685136,2.754826568939431,1.135,1.0459396514668384,0.5738869174725927,0,0.15625,11.669603524229075,141
density_scarce,use_partial_False,1,10,842,781,61,0.517814726840855,3.338545630781466,1.135,1.049544141533284,1.1540014892481818,0,0.14634146341463414,12.241409691629956,145
density_scarce,use_partial_False,1,11,796,784,12,0.5628140703517588,3.301499559975203,1.135,1.06306880899936,1.103430750975843,0,0.125,12.116299559471365,145
density_scarce,use_partial_False,1,12,746,746,0,0.22788203753351208,2.172019586646854,1.053,1.0441295709758827,0.07489001567097134,0,0.1490066225165563,9.305792972459638,132
density_scarce,use_partial_False,2,13,802,802,0,0.2543640897755611,2.4410308792382156,1.108,1.0311278000765498,0.3019030791616654,0,0.0440251572327044,8.820397111913357,141
density_scarce,use_partial_False,2,14,829,829,0,0.3703256936067551,2.6002690851320263,1.133,1.0251713488746235,0.44209773625740245,0,0.07272727272727272,10.842894969108562,148
density_scarce,use_partial_False,2,15,788,788,0,0.14086294416243655,2.1073735470375006,1.052,1.0333239872262006,0.022049559811299857,0,0.039735099337748346,8.511406844106464,135
density_scarce,use_partial_False,2,16,776,776,0,0.31443298969072164,2.162209823902262,1.063,1.031309758919439,0.06790006498282261,0,0.03594771241830065,10.518344308560676,135
density_scarce,use_partial_False,2,17,850,826,24,0.4682352941176471,3.0413467660872104,1.135,1.0294510009081754,0.8768957651790351,0,0.06748466257668712,11.881057268722467,144
density_scarce,use_partial_False,2,18,811,811,0,0.4032059186189889,2.5271046879207386,1.115,1.020435266283353,0.39166942163738566,0,0.0705521472392638,11.174887892376681,145
density_scarce,use_partial_False,3,19,768,768,0,0.3072916666666667,2.370291859039614,1.115,1.035737655609948,0.21955420342966583,0,0.09937888198757763,11.989237668161435,143
density_scarce,use_partial_False,3,20,811,806,5,0.4845869297163995,2.9407260034966054,1.135,1.0255927422966638,0.780133261199942,0,0.0718562874251497,11.373568281938326,148
density_scarce,use_partial_False,3,21,820,820,0,0.3719512195121951,2.567658362372983,1.115,1.0324009866264114,0.4202573757465714,0,0.07716049382716049,12.066367713004484,145
density_scarce,use_partial_False,3,22,778,778,0,0.2236503856041131,2.175549140849597,1.057,1.036350484222584,0.08219865662701298,0,0.07142857142857142,9.862819299905393,137
density_scarce,use_partial_False,3,23,788,788,0,0.21954314720812182,2.278925833796248,1.083,1.035093097592631,0.16083273620361715,0,0.044585987261146494,9.69067405355494,139
density_scarce,use_partial_False,3,24,766,766,0,0.39425587467362927,2.4771753858384193,1.099,1.0450339324439593,0.33314145339446005,0,0.04113924050632911,10.922656960873521,140
density_scarce,use_partial_False,4,25,782,731,51,0.530690537084399,3.4214866771496855,1.135,1.0591470308186992,1.227339646330986,0,0.05952380952380952,12.241409691629956,151
density_scarce,use_partial_False,4,26,777,740,37,0.47361647361647363,3.4050764093348915,1.135,1.0462492999006092,1.2238271094342819,0,0.07738095238095238,12.25726872246696,150
density_scarce,use_partial_False,4,27,789,724,65,0.5564005069708492,3.669236335033819,1.135,1.058161530874373,1.4760748041594463,0,0.05654761904761905,12.663436123348017,149
density_scarce,use_partial_False,4,28,744,744,0,0.2056451612903226,2.2789191575866776,1.084,1.048860543306739,0.1460586142799387,0,0.059375,9.706642066420665,143
density_scarce,use_partial_False,4,29,865,747,118,0.5664739884393064,4.335919457007358,1.135,1.0429181082408707,2.1580013487664873,0,0.07647058823529412,13.427312775330396,151
density_scarce,use_partial_False,4,30,791,733,58,0.5056890012642224,3.504842390613674,1.135,1.0539537750638002,1.3158886155498735,0,0.08630952380952381,13.394713656387665,150
density_scarce,ours_JIT,0,1,785,785,0,0.0,2.5639020353276747,1.001,1.5629020353276748,0.0,0,0.040300546448087435,0.0,724
density_scarce,ours_JIT,0,2,809,809,0,0.0,2.594810012886655,1.0,1.5948100128866551,0.0,0,0.05,0.0,767
density_scarce,ours_JIT,0,3,808,808,0,0.0,2.5514732036231376,0.999,1.5524732036231377,0.0,0,0.04409857328145266,0.0,755
density_scarce,ours_JIT,0,4,822,822,0,0.0,2.5467173014791937,1.001,1.5457173014791938,0.0,0,0.041343669250646,0.0,759
density_scarce,ours_JIT,0,5,760,760,0,0.0,2.585494886675333,1.0,1.5854948866753331,0.0,0,0.042119565217391304,0.0,726
density_scarce,ours_JIT,0,6,861,861,0,0.0,2.5490233593779816,1.02,1.5290233593779814,0.0,0,0.048693586698337295,0.0,826
density_scarce,ours_JIT,1,7,730,730,0,0.30273972602739724,2.787302433742757,1.065,1.4666121022577938,0.2556903314849633,0,0.15894868585732166,0.0,782
density_scarce,ours_JIT,1,8,777,777,0,0.40797940797940796,2.9552039941867974,1.119,1.4586732560806452,0.3775307381061519,0,0.15295480880648898,0.0,845
density_scarce,ours_JIT,1,9,794,794,0,0.3350125944584383,2.8522709864471567,1.117,1.4583137598306217,0.2769572266165349,0,0.17455621301775148,0.0,828
density_scarce,ours_JIT,1,10,842,770,72,0.5225653206650831,3.866969098670128,1.135,1.4341111567241167,1.2978579419460112,0,0.1718362282878412,0.0,786
density_scarce,ours_JIT,1,11,796,786,10,0.5590452261306532,3.6152083404957747,1.135,1.4734217440011668,1.0067865964946079,0,0.16605392156862744,0.0,798
density_scarce,ours_JIT,1,12,746,746,0,0.3552278820375335,2.8968440781175344,1.091,1.4541248300894656,0.3517192480280687,0,0.1532567049808429,0.0,766
density_scarce,ours_JIT,2,13,802,802,0,0.0685785536159601,2.532785826806805,1.018,1.5073052294814384,0.007480597325366308,0,0.038154897494305236,0.0,861
density_scarce,ours_JIT,2,14,829,829,0,0.020506634499396863,2.6134855955450953,1.052,1.560220544827633,0.0012650507174624792,0,0.03780617678381257,0.0,924
density_scarce,ours_JIT,2,15,788,788,0,0.0,2.5584848743498947,1.001,1.5574848743498948,0.0,0,0.03608247422680412,0.0,859
density_scarce,ours_JIT,2,16,776,776,0,0.0,2.595825639996515,1.002,1.593825639996515,0.0,0,0.032721010332950634,0.0,862
density_scarce,ours_JIT,2,17,850,850,0,0.12588235294117647,2.6183551232997773,1.054,1.5393801556065696,0.0249749676932075,0,0.035480349344978165,0.0,900
density_scarce,ours_JIT,2,18,811,811,0,0.10357583230579531,2.6351706797589642,1.059,1.558865136890836,0.017305542868128614,0,0.048752834467120185,0.0,866
density_scarce,ours_JIT,3,19,768,768,0,0.0,2.50669468125327,1.012,1.49469468125327,0.0,0,0.06371359223300971,0.0,807
density_scarce,ours_JIT,3,20,811,811,0,0.2959309494451295,2.6582515105191575,1.049,1.5179085090782016,0.09134300144095592,0,0.05956678700361011,0.0,814
density_scarce,ours_JIT,3,21,820,820,0,0.018292682926829267,2.532457559280246,1.022,1.5092202089170492,0.0012373503631966695,0,0.0644208037825059,0.0,830
density_scarce,ours_JIT,3,22,778,778,0,0.0,2.5480607903703407,0.997,1.5510607903703406,0.0,0,0.05997552019583843,0.0,812
density_scarce,ours_JIT,3,23,788,788,0,0.0,2.489603916556433,1.005,1.484603916556433,0.0,0,0.06632064590542099,0.0,852
density_scarce,ours_JIT,3,24,766,766,0,0.0,2.501376289778577,1.005,1.4963762897785773,0.0,0,0.0685897435897436,0.0,764
density_scarce,ours_JIT,4,25,782,740,42,0.5831202046035806,3.9682798937278774,1.135,1.5177970394870703,1.3154828542408075,0,0.0453056768558952,0.0,900
density_scarce,ours_JIT,4,26,777,738,39,0.5276705276705277,4.113953935525702,1.135,1.5124813157395562,1.4664726197861457,0,0.055970149253731345,0.0,919
density_scarce,ours_JIT,4,27,789,742,47,0.6032953105196451,4.00028192686543,1.135,1.486125600376515,1.379156326488915,0,0.044751381215469614,0.0,885
density_scarce,ours_JIT,4,28,744,744,0,0.4583333333333333,3.0156712717731096,1.102,1.4895461449815355,0.42412512679157427,0,0.04665203073545554,0.0,895
density_scarce,ours_JIT,4,29,865,767,98,0.6023121387283237,4.804586158261946,1.135,1.4939003632349142,2.1756857950270327,0,0.04332313965341488,0.0,963
density_scarce,ours_JIT,4,30,791,777,14,0.5575221238938053,3.4351157905386676,1.135,1.4867070953558414,0.8134086951828262,0,0.05186020293122886,0.0,869
density_scarce,use_charge_time_term_False,0,1,785,718,67,0.3248407643312102,3.4106520759968793,1.135,1.4446409835374592,0.8310110924594204,0,0.048892988929889296,12.191189427312775,523
density_scarce,use_charge_time_term_False,0,2,809,701,108,0.4684796044499382,4.0971095542232305,1.135,1.4425765556999604,1.5195329985232697,0,0.05565529622980251,13.449339207048459,539
density_scarce,use_charge_time_term_False,0,3,808,724,84,0.4443069306930693,3.979613293819564,1.135,1.4109440039697716,1.4336692898497922,0,0.058664259927797835,13.450220264317181,535
density_scarce,use_charge_time_term_False,0,4,822,759,63,0.4148418491484185,3.7852548534387864,1.135,1.4015174890418622,1.2487373643969242,0,0.05555555555555555,12.648458149779735,520
density_scarce,use_charge_time_term_False,0,5,760,727,33,0.45,3.3278404096797902,1.135,1.420994188136588,0.7718462215432021,0,0.05730129390018484,13.111894273127753,522
density_scarce,use_charge_time_term_False,0,6,861,697,164,0.40185830429732866,4.419483739475663,1.135,1.433609123138334,1.850874616337329,0,0.049440298507462684,13.91453744493392,516
density_scarce,use_charge_time_term_False,1,7,730,730,0,0.34657534246575344,3.156663231602594,1.124,1.3773785957997424,0.6552846358028515,0,0.1840277777777778,11.629893238434164,701
density_scarce,use_charge_time_term_False,1,8,777,700,77,0.4543114543114543,3.816477134583326,1.135,1.3626003620178704,1.318876772565456,0,0.17427385892116182,12.580616740088105,704
density_scarce,use_charge_time_term_False,1,9,794,760,34,0.39420654911838793,3.2219529660559942,1.135,1.368534971677483,0.7184179943785111,0,0.18239795918367346,11.233480176211454,765
density_scarce,use_charge_time_term_False,1,10,842,714,128,0.4418052256532066,4.241204507029463,1.135,1.3464679596417362,1.7597365473877262,0,0.1733983286908078,12.595594713656387,700
density_scarce,use_charge_time_term_False,1,11,796,700,96,0.5251256281407035,4.6309719722864795,1.135,1.3755090810860218,2.1204628912004573,0,0.18587896253602307,12.995594713656388,676
density_scarce,use_charge_time_term_False,1,12,746,666,80,0.4289544235924933,3.8119249621414415,1.135,1.375117184784422,1.30180777735702,0,0.18035190615835778,11.973568281938325,662
density_scarce,use_charge_time_term_False,2,13,802,706,96,0.3865336658354115,4.0666746993585585,1.135,1.4524989306505987,1.4791757687079603,0,0.04455445544554455,12.076651982378854,586
density_scarce,use_charge_time_term_False,2,14,829,675,154,0.4620024125452352,4.584260445089884,1.135,1.4538612837026548,1.995399161387229,0,0.044952681388012616,14.018502202643171,615
density_scarce,use_charge_time_term_False,2,15,788,718,70,0.37182741116751267,3.7364984763215645,1.135,1.4573123841257243,1.14418609219584,0,0.055379746835443035,13.102202643171806,614
density_scarce,use_charge_time_term_False,2,16,776,653,123,0.4368556701030928,4.411935862181203,1.135,1.4662204970668586,1.8107153651143444,0,0.05250403877221325,13.387665198237885,600
density_scarce,use_charge_time_term_False,2,17,850,676,174,0.44941176470588234,4.862834775643417,1.135,1.4464982301670524,2.281336545476365,0,0.029461279461279462,13.730396475770926,575
density_scarce,use_charge_time_term_False,2,18,811,654,157,0.45869297163995065,4.8140033600052465,1.135,1.4545897735055486,2.224413586499698,0,0.04311774461028192,13.85726872246696,585
density_scarce,use_charge_time_term_False,3,19,768,768,0,0.036458333333333336,2.488775172243239,1.054,1.4235770683041915,0.011198103939047582,0,0.06402439024390244,8.55123339658444,802
density_scarce,use_charge_time_term_False,3,20,811,811,0,0.48951911220715166,2.8831325622379538,1.098,1.418143582677807,0.3669889795601469,0,0.07891332470892626,11.19672131147541,755
density_scarce,use_charge_time_term_False,3,21,820,820,0,0.3951219512195122,2.8486078224681384,1.103,1.4102881212597247,0.3353197012084137,0,0.09363057324840764,12.252039891205802,767
density_scarce,use_charge_time_term_False,3,22,778,778,0,0.10025706940874037,2.5198640350854573,1.054,1.4403069413750396,0.02555709371041758,0,0.06852791878172589,9.555028462998102,772
density_scarce,use_charge_time_term_False,3,23,788,788,0,0.41878172588832485,2.7945910085348076,1.093,1.4152822465766945,0.286308761958113,0,0.07640586797066015,11.494053064958829,799
density_scarce,use_charge_time_term_False,3,24,766,766,0,0.0195822454308094,2.4950719397923202,1.049,1.4415932051335776,0.00447873465874292,0,0.07932379713914174,9.709246901811248,751
density_scarce,use_charge_time_term_False,4,25,782,566,216,0.4859335038363171,6.625867860701646,1.135,1.4765789011241541,4.014288959577492,0,0.05655172413793103,13.934801762114537,706
density_scarce,use_charge_time_term_False,4,26,777,547,230,0.4826254826254826,6.919810244994768,1.135,1.4462621801598734,4.338548064834894,0,0.05057803468208093,14.25374449339207,673
density_scarce,use_charge_time_term_False,4,27,789,572,217,0.5196451204055766,6.652275747962354,1.135,1.4497745100283372,4.0675012379340165,0,0.05390070921985816,14.140969162995594,685
density_scarce,use_charge_time_term_False,4,28,744,554,190,0.47580645161290325,5.893209735273532,1.135,1.431754294317973,3.3264554409555593,0,0.0617816091954023,13.695154185022027,676
density_scarce,use_charge_time_term_False,4,29,865,554,311,0.45895953757225433,7.549412416016233,1.135,1.4690238621959752,4.945388553820258,0,0.0442225392296719,14.89251101321586,681
density_scarce,use_charge_time_term_False,4,30,791,548,243,0.49051833122629585,6.815148523171894,1.135,1.4369024198183242,4.24324610335357,0,0.04961240310077519,14.866079295154185,626
