mission_rate,arm,policy,layout_id,seed,missions_total,missions_completed,unfinished_at_cap,miss_rate,mean_charge_delay_min,p95_charge_delay_min,f12_Z,f12_cmax_term,f12_energy_term,f12_tardy_term,safety_violations,gate_binding_rate,mean_on_pad_queue_length,charge_sessions
0.3,concentrated,B3_partial_False,0,1,286,286,0,0.0,1.4339622641509433,2.0,2.086609236996043,0.995,1.091609236996043,0.0,0,0.0,0.0,53
0.3,concentrated,B3_partial_False,0,2,306,306,0,0.0,1.4067796610169492,2.0,2.119050979619151,1.001,1.1180509796191511,0.0,0,0.0,0.0,59
0.3,concentrated,B3_partial_False,0,3,307,307,0,0.0,1.5166666666666666,2.0,2.126702614006405,1.0,1.1267026140064051,0.0,0,0.0,0.0,60
0.3,concentrated,B3_partial_False,0,4,303,303,0,0.0,1.4745762711864407,2.0,2.127565606020843,1.0,1.1275656060208432,0.0,0,0.0,0.0,59
0.3,concentrated,B3_partial_False,0,5,293,293,0,0.0,1.462962962962963,2.0,2.114479480960561,0.995,1.1194794809605608,0.0,0,0.0,0.0,54
0.3,concentrated,B3_partial_False,0,6,331,331,0,0.0,1.305084745762712,2.0,2.0916154552062927,0.998,1.0936154552062927,0.0,0,0.0,0.0,59
0.3,concentrated,B3_partial_False,1,7,282,282,0,0.0,1.4782608695652173,2.0,2.10641707382854,1.001,1.10541707382854,0.0,0,0.0,0.0,46
0.3,concentrated,B3_partial_False,1,8,295,295,0,0.0,1.4528301886792452,2.0,2.1179509734392634,0.999,1.1189509734392633,0.0,0,0.0,0.0,53
0.3,concentrated,B3_partial_False,1,9,309,309,0,0.0,1.456140350877193,2.0,2.12528392114816,0.998,1.12728392114816,0.0,0,0.0,0.0,57
0.3,concentrated,B3_partial_False,1,10,332,332,0,0.0,1.6065573770491803,2.0,2.1427527666052253,1.002,1.140752766605225,0.0,0,0.0,0.0,61
0.3,concentrated,B3_partial_False,1,11,313,313,0,0.0,1.4833333333333334,2.0,2.1056936017522925,0.996,1.1096936017522925,0.0,0,0.0,0.0,60
0.3,concentrated,B3_partial_False,1,12,267,267,0,0.0,1.3461538461538463,2.0,2.1253048460026527,1.003,1.122304846002653,0.0,0,0.0,0.0,52
0.3,concentrated,B3_partial_False,2,13,275,275,0,0.0,1.6122448979591837,2.0,2.125907085472691,1.002,1.1239070854726911,0.0,0,0.0,0.0,49
0.3,concentrated,B3_partial_False,2,14,311,311,0,0.0,1.4385964912280702,2.0,2.11174534580781,0.995,1.11674534580781,0.0,0,0.0,0.0,57
0.3,concentrated,B3_partial_False,2,15,306,306,0,0.0,1.4259259259259258,2.0,2.1258060976544053,1.0,1.1258060976544055,0.0,0,0.0,0.0,54
0.3,concentrated,B3_partial_False,2,16,285,285,0,0.0,1.38,2.0,2.100905939486948,1.002,1.0989059394869476,0.0,0,0.0,0.0,50
0.3,concentrated,B3_partial_False,2,17,314,314,0,0.0,1.3968253968253967,2.0,2.136018036049826,1.0,1.136018036049826,0.0,0,0.0,0.0,63
0.3,concentrated,B3_partial_False,2,18,315,315,0,0.0,1.4385964912280702,2.0,2.127236983115945,0.999,1.128236983115945,0.0,0,0.0,0.0,57
0.3,concentrated,B3_partial_False,3,19,299,299,0,0.0,1.5423728813559323,2.0,2.147168559446558,0.998,1.1491685594465582,0.0,0,0.0,0.0,59
0.3,concentrated,B3_partial_False,3,20,304,304,0,0.0,1.4821428571428572,2.0,2.119310529137222,0.997,1.122310529137222,0.0,0,0.0,0.0,56
0.3,concentrated,B3_partial_False,3,21,329,329,0,0.0,1.576271186440678,2.0,2.143028560380907,0.995,1.148028560380907,0.0,0,0.0,0.0,59
0.3,concentrated,B3_partial_False,3,22,303,303,0,0.0,1.5087719298245614,2.0,2.094317377553576,1.001,1.093317377553576,0.0,0,0.0,0.0,57
0.3,concentrated,B3_partial_False,3,23,298,298,0,0.0,1.4285714285714286,2.0,2.1204427364857397,1.0,1.1204427364857394,0.0,0,0.0,0.0,56
0.3,concentrated,B3_partial_False,3,24,283,283,0,0.0,1.4807692307692308,2.0,2.126051487119862,1.001,1.1250514871198625,0.0,0,0.0,0.0,52
0.3,concentrated,B3_partial_False,4,25,289,289,0,0.0,1.5,2.0,2.1221730763186955,1.001,1.1211730763186956,0.0,0,0.0,0.0,54
0.3,concentrated,B3_partial_False,4,26,286,286,0,0.0,1.6111111111111112,2.0,2.128649142848136,1.001,1.1276491428481363,0.0,0,0.0,0.0,54
0.3,concentrated,B3_partial_False,4,27,316,316,0,0.0,1.532258064516129,2.0,2.151800748639851,1.001,1.1508007486398513,0.0,0,0.0,0.0,62
0.3,concentrated,B3_partial_False,4,28,256,256,0,0.0,1.6888888888888889,2.0,2.1469935903745148,0.994,1.152993590374515,0.0,0,0.0,0.0,45
0.3,concentrated,B3_partial_False,4,29,342,342,0,0.0,1.4761904761904763,2.0,2.1303910217847477,1.002,1.128391021784748,0.0,0,0.0,0.0,63
0.3,concentrated,B3_partial_False,4,30,309,309,0,0.0,1.5084745762711864,2.0,2.119738906794774,1.002,1.1177389067947738,0.0,0,0.0,0.0,59
0.3,distributed,B3_partial_False,0,1,286,286,0,0.0,1.0196078431372548,1.0,2.038474548272222,0.996,1.0424745482722222,0.0,0,0.19245283018867926,0.0,51
0.3,distributed,B3_partial_False,0,2,306,306,0,0.0,1.0192307692307692,1.0,2.0132752134650524,1.001,1.0122752134650526,0.0,0,0.22037037037037038,0.0,52
0.3,distributed,B3_partial_False,0,3,307,307,0,0.0,1.0,1.0,2.0256462940806865,1.0,1.0256462940806865,0.0,0,0.24107142857142858,0.0,56
0.3,distributed,B3_partial_False,0,4,303,303,0,0.0,1.0188679245283019,1.0,2.028949756279128,1.0,1.028949756279128,0.0,0,0.20943396226415095,0.0,53
0.3,distributed,B3_partial_False,0,5,293,293,0,0.0,1.0,1.0,2.019059870858888,0.996,1.023059870858888,0.0,0,0.19811320754716982,0.0,52
0.3,distributed,B3_partial_False,0,6,331,331,0,0.0,1.018181818181818,1.0,2.015697900467372,0.998,1.0176979004673723,0.0,0,0.19285714285714287,0.0,55
0.3,distributed,B3_partial_False,1,7,282,282,0,0.0,1.0681818181818181,1.8500000000000014,1.99640787693137,1.0,0.99640787693137,0.0,0,0.2956521739130435,0.0,44
0.3,distributed,B3_partial_False,1,8,295,295,0,0.0,1.0392156862745099,1.0,2.0318539435850953,1.0,1.0318539435850955,0.0,0,0.2647058823529412,0.0,51
0.3,distributed,B3_partial_False,1,9,309,309,0,0.0,1.0204081632653061,1.0,2.0117364481164746,0.998,1.0137364481164746,0.0,0,0.3264150943396226,0.0,49
0.3,distributed,B3_partial_False,1,10,332,332,0,0.0,1.0555555555555556,1.3499999999999943,2.004734050204522,1.002,1.0027340502045219,0.0,0,0.35,0.0,54
0.3,distributed,B3_partial_False,1,11,313,313,0,0.0,1.0727272727272728,2.0,2.0401615817448446,0.995,1.0451615817448447,0.0,0,0.3410714285714286,0.0,55
0.3,distributed,B3_partial_False,1,12,267,267,0,0.0,1.06,1.5499999999999972,2.0182449733825836,1.003,1.0152449733825837,0.0,0,0.252,0.0,50
0.3,distributed,B3_partial_False,2,13,275,275,0,0.0,1.065217391304348,1.75,2.030116736541393,1.002,1.028116736541393,0.0,0,0.23541666666666666,0.0,46
0.3,distributed,B3_partial_False,2,14,311,311,0,0.0,1.0,1.0,2.0180480843840467,0.996,1.022048084384047,0.0,0,0.27636363636363637,0.0,54
0.3,distributed,B3_partial_False,2,15,306,306,0,0.0,1.0576923076923077,1.4499999999999957,2.0121545791663102,1.001,1.0111545791663104,0.0,0,0.18518518518518517,0.0,52
0.3,distributed,B3_partial_False,2,16,285,285,0,0.0,1.0,1.0,2.000513539019134,1.0,1.0005135390191342,0.0,0,0.23,0.0,49
0.3,distributed,B3_partial_False,2,17,314,314,0,0.0,1.018181818181818,1.0,2.0058403993429192,1.0,1.0058403993429192,0.0,0,0.25272727272727274,0.0,55
0.3,distributed,B3_partial_False,2,18,315,315,0,0.0,1.0357142857142858,1.0,2.0183135141334017,0.999,1.0193135141334018,0.0,0,0.23559322033898306,0.0,56
0.3,distributed,B3_partial_False,3,19,299,299,0,0.0,1.0,1.0,2.028683543974089,0.998,1.030683543974089,0.0,0,0.2943396226415094,0.0,52
0.3,distributed,B3_partial_False,3,20,304,304,0,0.0,1.0,1.0,1.9926485793603574,0.996,0.9966485793603574,0.0,0,0.24259259259259258,0.0,53
0.3,distributed,B3_partial_False,3,21,329,329,0,0.0,1.018181818181818,1.0,2.0258614143220406,0.995,1.0308614143220407,0.0,0,0.21929824561403508,0.0,55
0.3,distributed,B3_partial_False,3,22,303,303,0,0.0,1.0196078431372548,1.0,2.0127085950024783,1.001,1.0117085950024782,0.0,0,0.2903846153846154,0.0,51
0.3,distributed,B3_partial_False,3,23,298,298,0,0.0,1.0,1.0,1.998853813272419,1.0,0.998853813272419,0.0,0,0.268,0.0,49
0.3,distributed,B3_partial_False,3,24,283,283,0,0.0,1.0,1.0,2.0019798167045177,1.001,1.0009798167045179,0.0,0,0.19583333333333333,0.0,48
0.3,distributed,B3_partial_False,4,25,289,289,0,0.0,1.0,1.0,2.0120406618515263,1.001,1.0110406618515266,0.0,0,0.2903846153846154,0.0,49
0.3,distributed,B3_partial_False,4,26,286,286,0,0.0,1.0,1.0,2.016620085088558,1.001,1.015620085088558,0.0,0,0.2653846153846154,0.0,52
0.3,distributed,B3_partial_False,4,27,316,316,0,0.0,1.0,1.0,2.0205029317320857,1.001,1.019502931732086,0.0,0,0.31607142857142856,0.0,55
0.3,distributed,B3_partial_False,4,28,256,256,0,0.0,1.0,1.0,2.030833565283708,0.994,1.0368335652837082,0.0,0,0.30434782608695654,0.0,44
0.3,distributed,B3_partial_False,4,29,342,342,0,0.0,1.0,1.0,2.018450224194245,1.002,1.0164502241942448,0.0,0,0.28,0.0,59
0.3,distributed,B3_partial_False,4,30,309,309,0,0.0,1.0,1.0,2.005351387734396,1.002,1.0033513877343958,0.0,0,0.2388888888888889,0.0,54
0.5,concentrated,B3_partial_False,0,1,463,463,0,0.0,1.4659090909090908,2.0,2.137902068140572,1.0,1.1379020681405718,0.0,0,0.0,0.0,88
0.5,concentrated,B3_partial_False,0,2,498,498,0,0.0,1.4848484848484849,2.0,2.1457423632739467,1.002,1.1437423632739467,0.0,0,0.0,0.0,99
0.5,concentrated,B3_partial_False,0,3,502,502,0,0.0,1.5757575757575757,2.0,2.151845329315747,0.999,1.152845329315747,0.0,0,0.0,0.0,99
0.5,concentrated,B3_partial_False,0,4,511,511,0,0.0,1.3917525773195876,2.0,2.12784760100705,1.001,1.12684760100705,0.0,0,0.0,0.0,97
0.5,concentrated,B3_partial_False,0,5,477,477,0,0.0,1.5730337078651686,2.0,2.1301628606144933,0.998,1.1321628606144933,0.0,0,0.0,0.0,89
0.5,concentrated,B3_partial_False,0,6,539,539,0,0.0,1.4563106796116505,2.0,2.1426303394336665,1.002,1.1406303394336668,0.0,0,0.0,0.0,103
0.5,concentrated,B3_partial_False,1,7,458,458,0,0.0,1.4318181818181819,2.0,2.120702085774237,1.0,1.120702085774237,0.0,0,0.0,0.0,88
0.5,concentrated,B3_partial_False,1,8,495,495,0,0.0,1.3846153846153846,2.0,2.1368538777428956,1.002,1.1348538777428954,0.0,0,0.0,0.0,91
0.5,concentrated,B3_partial_False,1,9,502,502,0,0.0,1.4731182795698925,2.0,2.124300957211066,1.0,1.1243009572110658,0.0,0,0.0,0.0,93
0.5,concentrated,B3_partial_False,1,10,514,514,0,0.0,1.4271844660194175,2.0,2.1347998519765428,1.001,1.1337998519765429,0.0,0,0.0,0.0,103
0.5,concentrated,B3_partial_False,1,11,512,512,0,0.0,1.5204081632653061,2.0,2.1187926033694042,1.001,1.1177926033694046,0.0,0,0.0,0.0,98
0.5,concentrated,B3_partial_False,1,12,457,457,0,0.0,1.404494382022472,2.0,2.13679047026425,1.002,1.13479047026425,0.0,0,0.0,0.0,89
0.5,concentrated,B3_partial_False,2,13,490,490,0,0.0,1.4130434782608696,2.0,2.1217396084622857,1.001,1.120739608462286,0.0,0,0.0,0.0,92
0.5,concentrated,B3_partial_False,2,14,505,505,0,0.0,1.51,2.0,2.13722446684391,1.002,1.1352244668439098,0.0,0,0.0,0.0,100
0.5,concentrated,B3_partial_False,2,15,477,477,0,0.0,1.5274725274725274,2.0,2.1427572549141947,0.995,1.1477572549141946,0.0,0,0.0,0.0,91
0.5,concentrated,B3_partial_False,2,16,494,494,0,0.0,1.5,2.0,2.1251695448943284,1.001,1.1241695448943283,0.0,0,0.0,0.0,96
0.5,concentrated,B3_partial_False,2,17,530,530,0,0.0,1.4705882352941178,2.0,2.138535663146317,1.001,1.1375356631463172,0.0,0,0.0,0.0,102
0.5,concentrated,B3_partial_False,2,18,519,519,0,0.0,1.4752475247524752,2.0,2.143754473749599,1.002,1.1417544737495993,0.0,0,0.0,0.0,101
0.5,concentrated,B3_partial_False,3,19,481,481,0,0.0,1.4301075268817205,2.0,2.1351242922011155,1.001,1.1341242922011157,0.0,0,0.0,0.0,93
0.5,concentrated,B3_partial_False,3,20,515,515,0,0.0,1.52,2.0,2.1343346152768765,1.002,1.1323346152768765,0.0,0,0.0,0.0,100
0.5,concentrated,B3_partial_False,3,21,515,515,0,0.0,1.4948453608247423,2.0,2.134480592278768,1.002,1.1324805922787682,0.0,0,0.0,0.0,97
0.5,concentrated,B3_partial_False,3,22,496,496,0,0.0,1.5326086956521738,2.0,2.1253315299761995,0.998,1.1273315299761995,0.0,0,0.0,0.0,92
0.5,concentrated,B3_partial_False,3,23,506,506,0,0.0,1.4631578947368422,2.0,2.1338006942013905,1.001,1.1328006942013904,0.0,0,0.0,0.0,95
0.5,concentrated,B3_partial_False,3,24,494,494,0,0.0,1.4842105263157894,2.0,2.125380749804473,0.999,1.126380749804473,0.0,0,0.0,0.0,95
0.5,concentrated,B3_partial_False,4,25,488,488,0,0.0,1.5106382978723405,2.0,2.1502655437344194,1.001,1.1492655437344197,0.0,0,0.0,0.0,94
0.5,concentrated,B3_partial_False,4,26,489,489,0,0.0,1.446808510638298,2.0,2.126050855700273,0.997,1.129050855700273,0.0,0,0.0,0.0,94
0.5,concentrated,B3_partial_False,4,27,492,492,0,0.0,1.5052631578947369,2.0,2.1231290105547225,0.997,1.1261290105547226,0.0,0,0.0,0.0,95
0.5,concentrated,B3_partial_False,4,28,453,453,0,0.0,1.5113636363636365,2.0,2.158052330762119,1.002,1.156052330762119,0.0,0,0.0,0.0,88
0.5,concentrated,B3_partial_False,4,29,553,553,0,0.0,1.4579439252336448,2.0,2.142042670395706,1.002,1.1400426703957058,0.0,0,0.0,0.0,107
0.5,concentrated,B3_partial_False,4,30,493,493,0,0.0,1.5368421052631578,2.0,2.153227514699829,1.001,1.1522275146998293,0.0,0,0.0,0.0,95
0.5,distributed,B3_partial_False,0,1,463,463,0,0.0,1.0379746835443038,1.0,2.0254826456000394,1.0,1.0254826456000397,0.0,0,0.17590361445783131,0.0,79
0.5,distributed,B3_partial_False,0,2,498,498,0,0.0,1.0224719101123596,1.0,2.039533747356133,1.002,1.037533747356133,0.0,0,0.17472527472527472,0.0,89
0.5,distributed,B3_partial_False,0,3,502,502,0,0.0,1.0,1.0,2.0236134928390626,0.998,1.0256134928390626,0.0,0,0.19574468085106383,0.0,90
0.5,distributed,B3_partial_False,0,4,511,511,0,0.0,1.0,1.0,2.0327034459655486,1.001,1.031703445965549,0.0,0,0.14680851063829786,0.0,90
0.5,distributed,B3_partial_False,0,5,477,477,0,0.0,1.0120481927710843,1.0,2.024869771625833,0.999,1.025869771625833,0.0,0,0.19425287356321838,0.0,83
0.5,distributed,B3_partial_False,0,6,539,539,0,0.0,1.0103092783505154,1.0,2.0352700392048817,1.002,1.033270039204882,0.0,0,0.138,0.0,97
0.5,distributed,B3_partial_False,1,7,458,458,0,0.0,1.064102564102564,2.0,2.0235249555050956,1.0,1.0235249555050956,0.0,0,0.27125,0.0,78
0.5,distributed,B3_partial_False,1,8,495,495,0,0.0,1.1058823529411765,2.0,2.0546227418626053,1.002,1.052622741862605,0.0,0,0.2797752808988764,0.0,85
0.5,distributed,B3_partial_False,1,9,502,502,0,0.0,1.0344827586206897,1.0,2.0297550430782465,0.999,1.0307550430782464,0.0,0,0.302247191011236,0.0,87
0.5,distributed,B3_partial_False,1,10,514,514,0,0.0,1.0638297872340425,2.0,2.0301659395692284,1.002,1.0281659395692284,0.0,0,0.221875,0.0,94
0.5,distributed,B3_partial_False,1,11,512,512,0,0.0,1.0543478260869565,1.4500000000000028,2.0398371909463577,1.001,1.038837190946358,0.0,0,0.1870967741935484,0.0,92
0.5,distributed,B3_partial_False,1,12,457,457,0,0.0,1.1097560975609757,2.0,2.0098174240521005,1.002,1.0078174240521005,0.0,0,0.27349397590361446,0.0,82
0.5,distributed,B3_partial_False,2,13,490,490,0,0.0,1.0,1.0,2.0322944308032485,1.001,1.0312944308032486,0.0,0,0.1898876404494382,0.0,88
0.5,distributed,B3_partial_False,2,14,505,505,0,0.0,1.0113636363636365,1.0,2.01747039205693,1.002,1.01547039205693,0.0,0,0.22444444444444445,0.0,88
0.5,distributed,B3_partial_False,2,15,477,477,0,0.0,1.0120481927710843,1.0,2.035962677331411,0.995,1.0409626773314111,0.0,0,0.16117647058823528,0.0,83
0.5,distributed,B3_partial_False,2,16,494,494,0,0.0,1.0,1.0,2.0253637849756387,1.001,1.0243637849756388,0.0,0,0.2549450549450549,0.0,89
0.5,distributed,B3_partial_False,2,17,530,530,0,0.0,1.0217391304347827,1.0,2.008416466231128,1.001,1.007416466231128,0.0,0,0.20430107526881722,0.0,92
0.5,distributed,B3_partial_False,2,18,519,519,0,0.0,1.021505376344086,1.0,2.021771583079721,1.002,1.0197715830797212,0.0,0,0.17473684210526316,0.0,93
0.5,distributed,B3_partial_False,3,19,481,481,0,0.0,1.0,1.0,2.0256344369150234,1.001,1.0246344369150235,0.0,0,0.2202247191011236,0.0,87
0.5,distributed,B3_partial_False,3,20,515,515,0,0.0,1.032967032967033,1.0,2.021367430678558,1.002,1.0193674306785578,0.0,0,0.16451612903225807,0.0,91
0.5,distributed,B3_partial_False,3,21,515,515,0,0.0,1.010752688172043,1.0,2.025059586561275,1.002,1.0230595865612748,0.0,0,0.1726315789473684,0.0,93
0.5,distributed,B3_partial_False,3,22,496,496,0,0.0,1.0,1.0,2.0222406154733146,0.999,1.0232406154733147,0.0,0,0.22527472527472528,0.0,88
0.5,distributed,B3_partial_False,3,23,506,506,0,0.0,1.0114942528735633,1.0,2.009122229753852,1.002,1.0071222297538522,0.0,0,0.22386363636363638,0.0,87
0.5,distributed,B3_partial_False,3,24,494,494,0,0.0,1.0,1.0,2.021104749245784,0.999,1.022104749245784,0.0,0,0.2588888888888889,0.0,88
0.5,distributed,B3_partial_False,4,25,488,488,0,0.0,1.0,1.0,2.0295166686161252,1.001,1.0285166686161253,0.0,0,0.2715909090909091,0.0,87
0.5,distributed,B3_partial_False,4,26,489,489,0,0.0,1.0,1.0,2.0342936405870065,0.997,1.0372936405870066,0.0,0,0.25617977528089886,0.0,87
0.5,distributed,B3_partial_False,4,27,492,492,0,0.0,1.0,1.0,2.0246283514184267,0.997,1.0276283514184266,0.0,0,0.3,0.0,90
0.5,distributed,B3_partial_False,4,28,453,453,0,0.0,1.0,1.0,2.0257042805815235,1.002,1.0237042805815237,0.0,0,0.27710843373493976,0.0,83
0.5,distributed,B3_partial_False,4,29,553,553,0,0.0,1.0,1.0,2.009309781097013,1.002,1.0073097810970126,0.0,0,0.3,0.0,97
0.5,distributed,B3_partial_False,4,30,493,493,0,0.0,1.0,1.0,2.031627461153828,1.001,1.030627461153828,0.0,0,0.2511111111111111,0.0,87
0.7,concentrated,B3_partial_False,0,1,677,677,0,0.0,1.381679389312977,2.0,2.1443068868000905,1.001,1.1433068868000906,0.0,0,0.0,0.0,131
0.7,concentrated,B3_partial_False,0,2,698,698,0,0.0,1.5555555555555556,2.0,2.143836471990452,0.999,1.144836471990452,0.0,0,0.0,0.0,135
0.7,concentrated,B3_partial_False,0,3,704,704,0,0.0,1.583941605839416,2.0,2.156871197809104,1.0,1.1568711978091037,0.0,0,0.0,0.0,137
0.7,concentrated,B3_partial_False,0,4,732,732,0,0.0,1.489795918367347,2.0,2.1502510113579127,1.002,1.1482510113579125,0.0,0,0.0,0.0,147
0.7,concentrated,B3_partial_False,0,5,670,670,0,0.0,1.5303030303030303,2.0,2.1449981718841666,1.0,1.1449981718841666,0.0,0,0.0,0.0,132
0.7,concentrated,B3_partial_False,0,6,749,749,0,0.0,1.4899328859060403,2.0,2.1541012160574895,1.003,1.1511012160574896,0.0,0,0.0,0.0,149
0.7,concentrated,B3_partial_False,1,7,660,660,0,0.0,1.4838709677419355,2.0,2.1462866251533512,1.003,1.143286625153351,0.0,0,0.0,0.0,124
0.7,concentrated,B3_partial_False,1,8,668,668,0,0.0,1.4915254237288136,2.0,2.141014722966382,1.001,1.1400147229663822,0.0,0,0.0,0.0,118
0.7,concentrated,B3_partial_False,1,9,696,696,0,0.0,1.4586466165413534,2.0,2.1468013775374617,1.002,1.144801377537462,0.0,0,0.0,0.0,133
0.7,concentrated,B3_partial_False,1,10,727,727,0,0.0,1.4755244755244756,2.0,2.1391120533585664,1.002,1.1371120533585664,0.0,0,0.0,0.0,143
0.7,concentrated,B3_partial_False,1,11,714,714,0,0.0,1.4214285714285715,2.0,2.1324862600304826,1.001,1.131486260030483,0.0,0,0.0,0.0,140
0.7,concentrated,B3_partial_False,1,12,654,654,0,0.0,1.5116279069767442,2.0,2.1603640928574346,1.001,1.1593640928574347,0.0,0,0.0,0.0,129
0.7,concentrated,B3_partial_False,2,13,706,706,0,0.0,1.5140845070422535,2.0,2.1549560289924674,1.001,1.1539560289924675,0.0,0,0.0,0.0,142
0.7,concentrated,B3_partial_False,2,14,724,724,0,0.0,1.5517241379310345,2.0,2.1695289264392743,1.001,1.1685289264392742,0.0,0,0.0,0.0,145
0.7,concentrated,B3_partial_False,2,15,685,685,0,0.0,1.5075757575757576,2.0,2.1493756301230427,0.993,1.1563756301230428,0.0,0,0.0,0.0,132
0.7,concentrated,B3_partial_False,2,16,679,679,0,0.0,1.476923076923077,2.0,2.133017698629156,1.001,1.1320176986291561,0.0,0,0.0,0.0,130
0.7,concentrated,B3_partial_False,2,17,744,744,0,0.0,1.4444444444444444,2.0,2.141400521174379,1.002,1.1394005211743792,0.0,0,0.0,0.0,144
0.7,concentrated,B3_partial_False,2,18,706,706,0,0.0,1.460431654676259,2.0,2.146020565512819,1.002,1.144020565512819,0.0,0,0.0,0.0,139
0.7,concentrated,B3_partial_False,3,19,653,653,0,0.0,1.62015503875969,2.0,2.1554691283957763,1.002,1.1534691283957763,0.0,0,0.0,0.0,129
0.7,concentrated,B3_partial_False,3,20,721,721,0,0.0,1.5034013605442176,2.0,2.141817982902441,0.998,1.1438179829024406,0.0,0,0.0,0.0,147
0.7,concentrated,B3_partial_False,3,21,717,717,0,0.0,1.4927536231884058,2.0,2.1466062321868664,1.002,1.1446062321868666,0.0,0,0.0,0.0,138
0.7,concentrated,B3_partial_False,3,22,688,688,0,0.0,1.5307692307692307,2.0,2.1398298425276767,0.999,1.1408298425276766,0.0,0,0.0,0.0,130
0.7,concentrated,B3_partial_False,3,23,704,704,0,0.0,1.4538461538461538,2.0,2.138490339588826,1.002,1.136490339588826,0.0,0,0.0,0.0,130
0.7,concentrated,B3_partial_False,3,24,674,674,0,0.0,1.4961832061068703,2.0,2.153225970883531,1.0,1.1532259708835306,0.0,0,0.0,0.0,131
0.7,concentrated,B3_partial_False,4,25,688,688,0,0.0,1.5037037037037038,2.0,2.157704722891534,1.001,1.1567047228915344,0.0,0,0.0,0.0,135
0.7,concentrated,B3_partial_False,4,26,688,688,0,0.0,1.4592592592592593,2.0,2.140548352711559,0.999,1.1415483527115589,0.0,0,0.0,0.0,135
0.7,concentrated,B3_partial_False,4,27,671,671,0,0.0,1.450381679389313,2.0,2.150713217434741,1.003,1.1477132174347409,0.0,0,0.0,0.0,131
0.7,concentrated,B3_partial_False,4,28,645,645,0,0.0,1.484375,2.0,2.144421085627525,1.002,1.1424210856275248,0.0,0,0.0,0.0,128
0.7,concentrated,B3_partial_False,4,29,745,745,0,0.0,1.404109589041096,2.0,2.1400996966963985,1.001,1.1390996966963984,0.0,0,0.0,0.0,146
0.7,concentrated,B3_partial_False,4,30,693,693,0,0.0,1.4565217391304348,2.0,2.156540392906722,0.996,1.160540392906722,0.0,0,0.0,0.0,138
0.7,distributed,B3_partial_False,0,1,677,677,0,0.0,1.016260162601626,1.0,2.0452601852375243,1.001,1.0442601852375244,0.0,0,0.188,0.0,123
0.7,distributed,B3_partial_False,0,2,698,698,0,0.0,1.0158730158730158,1.0,2.047339382480156,0.999,1.0483393824801561,0.0,0,0.16946564885496182,0.0,126
0.7,distributed,B3_partial_False,0,3,704,704,0,0.0,1.0076923076923077,1.0,2.040917002711404,1.0,1.0409170027114039,0.0,0,0.16666666666666666,0.0,130
0.7,distributed,B3_partial_False,0,4,732,732,0,0.0,1.0150375939849625,1.0,2.042306399356858,1.002,1.0403063993568582,0.0,0,0.20364963503649636,0.0,133
0.7,distributed,B3_partial_False,0,5,670,670,0,0.0,1.0084745762711864,1.0,2.0221261636766608,1.001,1.0211261636766609,0.0,0,0.14508196721311475,0.0,118
0.7,distributed,B3_partial_False,0,6,749,749,0,0.0,1.0072992700729928,1.0,2.040034730164701,1.003,1.0370347301647012,0.0,0,0.16330935251798562,0.0,137
0.7,distributed,B3_partial_False,1,7,660,660,0,0.0,1.087719298245614,2.0,2.034901564014305,1.002,1.0329015640143049,0.0,0,0.2576271186440678,0.0,114
0.7,distributed,B3_partial_False,1,8,668,668,0,0.0,1.0593220338983051,2.0,2.04121803254343,1.001,1.04021803254343,0.0,0,0.2371900826446281,0.0,118
0.7,distributed,B3_partial_False,1,9,696,696,0,0.0,1.056,1.7999999999999972,2.036822721682842,1.001,1.035822721682842,0.0,0,0.23046875,0.0,125
0.7,distributed,B3_partial_False,1,10,727,727,0,0.0,1.0526315789473684,1.3999999999999915,2.043012002230019,1.002,1.041012002230019,0.0,0,0.22941176470588234,0.0,133
0.7,distributed,B3_partial_False,1,11,714,714,0,0.0,1.0476190476190477,1.0,2.0388000597428118,1.001,1.0378000597428119,0.0,0,0.25190839694656486,0.0,126
0.7,distributed,B3_partial_False,1,12,654,654,0,0.0,1.0789473684210527,2.0,2.046783520751792,1.001,1.045783520751792,0.0,0,0.2358974358974359,0.0,114
0.7,distributed,B3_partial_False,2,13,706,706,0,0.0,1.0546875,1.6499999999999915,2.028924461295735,1.002,1.0269244612957347,0.0,0,0.1930232558139535,0.0,128
0.7,distributed,B3_partial_False,2,14,724,724,0,0.0,1.0,1.0,2.028719913457844,1.001,1.0277199134578445,0.0,0,0.2582089552238806,0.0,130
0.7,distributed,B3_partial_False,2,15,685,685,0,0.0,1.0,1.0,2.031547897219716,0.993,1.038547897219716,0.0,0,0.20236220472440944,0.0,124
0.7,distributed,B3_partial_False,2,16,679,679,0,0.0,1.0260869565217392,1.0,2.01402970301674,1.001,1.0130297030167397,0.0,0,0.23277310924369748,0.0,115
0.7,distributed,B3_partial_False,2,17,744,744,0,0.0,1.0300751879699248,1.0,2.025791540870324,1.002,1.023791540870324,0.0,0,0.19562043795620437,0.0,133
0.7,distributed,B3_partial_False,2,18,706,706,0,0.0,1.0687022900763359,2.0,2.040189081822564,1.002,1.038189081822564,0.0,0,0.24850746268656718,0.0,131
0.7,distributed,B3_partial_False,3,19,653,653,0,0.0,1.0,1.0,2.0274159418078863,1.002,1.025415941807886,0.0,0,0.20330578512396694,0.0,118
0.7,distributed,B3_partial_False,3,20,721,721,0,0.0,1.0151515151515151,1.0,2.0337184207053944,0.998,1.0357184207053944,0.0,0,0.17941176470588235,0.0,132
0.7,distributed,B3_partial_False,3,21,717,717,0,0.0,1.0155038759689923,1.0,2.041343046044603,1.001,1.040343046044603,0.0,0,0.20075757575757575,0.0,129
0.7,distributed,B3_partial_False,3,22,688,688,0,0.0,1.0,1.0,2.0315546709590797,0.999,1.0325546709590798,0.0,0,0.1640625,0.0,125
0.7,distributed,B3_partial_False,3,23,704,704,0,0.0,1.0,1.0,2.016056564195188,1.002,1.0140565641951882,0.0,0,0.20390625,0.0,122
0.7,distributed,B3_partial_False,3,24,674,674,0,0.0,1.0081967213114753,1.0,2.0218628660481937,1.0,1.0218628660481934,0.0,0,0.22016129032258064,0.0,122
0.7,distributed,B3_partial_False,4,25,688,688,0,0.0,1.0,1.0,2.024020252623941,1.002,1.022020252623941,0.0,0,0.2634146341463415,0.0,120
0.7,distributed,B3_partial_False,4,26,688,688,0,0.0,1.0,1.0,2.0347693283499546,0.999,1.0357693283499547,0.0,0,0.24308943089430896,0.0,122
0.7,distributed,B3_partial_False,4,27,671,671,0,0.0,1.0,1.0,2.021924137783688,1.003,1.0189241377836877,0.0,0,0.25491803278688524,0.0,121
0.7,distributed,B3_partial_False,4,28,645,645,0,0.0,1.0,1.0,2.017476235762625,1.002,1.015476235762625,0.0,0,0.2658119658119658,0.0,112
0.7,distributed,B3_partial_False,4,29,745,745,0,0.0,1.0,1.0,2.0270503403607725,1.001,1.0260503403607726,0.0,0,0.25757575757575757,0.0,129
0.7,distributed,B3_partial_False,4,30,693,693,0,0.0,1.0,1.0,2.0255166638700084,0.995,1.0305166638700085,0.0,0,0.27109375,0.0,126
0.9,concentrated,B3_partial_False,0,1,866,866,0,0.0,1.528735632183908,2.0,2.1674522898990505,1.002,1.1654522898990505,0.0,0,0.0,0.0,174
0.9,concentrated,B3_partial_False,0,2,921,921,0,0.0,1.5965909090909092,2.0,2.1559291336132,1.003,1.1529291336132004,0.0,0,0.0,0.0,176
0.9,concentrated,B3_partial_False,0,3,914,914,0,0.0,1.5604395604395604,2.0,2.1535272787673083,1.001,1.1525272787673086,0.0,0,0.0,0.0,182
0.9,concentrated,B3_partial_False,0,4,913,913,0,0.0,1.4808743169398908,2.0,2.15377361372742,1.0,1.1537736137274204,0.0,0,0.0,0.0,183
0.9,concentrated,B3_partial_False,0,5,867,867,0,0.0,1.5491329479768785,2.0,2.154044402383174,1.0,1.1540444023831742,0.0,0,0.0,0.0,173
0.9,concentrated,B3_partial_False,0,6,949,949,0,0.0,1.5136612021857923,2.0,2.156094060791114,1.002,1.154094060791114,0.0,0,0.0,0.0,183
0.9,concentrated,B3_partial_False,1,7,831,831,0,0.0,1.4938271604938271,2.0,2.1473706799931316,1.002,1.1453706799931318,0.0,0,0.0,0.0,162
0.9,concentrated,B3_partial_False,1,8,885,885,0,0.0,1.4024390243902438,2.0,2.1305835644465514,1.0,1.1305835644465512,0.0,0,0.0,0.0,164
0.9,concentrated,B3_partial_False,1,9,885,885,0,0.0,1.411764705882353,2.0,2.1404054339797804,1.0,1.1404054339797804,0.0,0,0.0,0.0,170
0.9,concentrated,B3_partial_False,1,10,940,940,0,0.0,1.5166666666666666,2.0,2.1540778531875544,1.002,1.1520778531875544,0.0,0,0.0,0.0,180
0.9,concentrated,B3_partial_False,1,11,915,915,0,0.0,1.5082872928176796,2.0,2.152310742143878,1.002,1.1503107421438779,0.0,0,0.0,0.0,181
0.9,concentrated,B3_partial_False,1,12,852,852,0,0.0,1.5,2.0,2.1588586567245134,1.001,1.1578586567245133,0.0,0,0.0,0.0,170
0.9,concentrated,B3_partial_False,2,13,906,906,0,0.0,1.4742857142857142,2.0,2.1416930660544615,1.001,1.1406930660544616,0.0,0,0.0,0.0,175
0.9,concentrated,B3_partial_False,2,14,919,919,0,0.0,1.4863387978142077,2.0,2.1602230542925898,1.001,1.1592230542925899,0.0,0,0.0,0.0,183
0.9,concentrated,B3_partial_False,2,15,903,903,0,0.0,1.4705882352941178,2.0,2.151618966604178,1.002,1.1496189666041783,0.0,0,0.0,0.0,170
0.9,concentrated,B3_partial_False,2,16,864,864,0,0.0,1.4550898203592815,2.0,2.1560580057757854,1.002,1.1540580057757854,0.0,0,0.0,0.0,167
0.9,concentrated,B3_partial_False,2,17,945,945,0,0.0,1.4894736842105263,2.0,2.1459107264151194,0.999,1.1469107264151193,0.0,0,0.0,0.0,190
0.9,concentrated,B3_partial_False,2,18,899,899,0,0.0,1.5139664804469273,2.0,2.1568512799123463,1.0,1.1568512799123465,0.0,0,0.0,0.0,179
0.9,concentrated,B3_partial_False,3,19,870,870,0,0.0,1.4795321637426901,2.0,2.147444592713608,1.001,1.1464445927136082,0.0,0,0.0,0.0,171
0.9,concentrated,B3_partial_False,3,20,921,921,0,0.0,1.558659217877095,2.0,2.1539053638505514,1.0,1.1539053638505516,0.0,0,0.0,0.0,179
0.9,concentrated,B3_partial_False,3,21,900,900,0,0.0,1.541899441340782,2.0,2.151847585782476,1.001,1.1508475857824758,0.0,0,0.0,0.0,179
0.9,concentrated,B3_partial_False,3,22,892,892,0,0.0,1.4502923976608186,2.0,2.1431775994981557,1.003,1.1401775994981556,0.0,0,0.0,0.0,171
0.9,concentrated,B3_partial_False,3,23,879,879,0,0.0,1.4363636363636363,2.0,2.135499602799566,1.002,1.1334996027995663,0.0,0,0.0,0.0,165
0.9,concentrated,B3_partial_False,3,24,883,883,0,0.0,1.542857142857143,2.0,2.1663826549252834,1.002,1.1643826549252834,0.0,0,0.0,0.0,175
0.9,concentrated,B3_partial_False,4,25,880,880,0,0.0,1.5172413793103448,2.0,2.151390826162733,1.002,1.149390826162733,0.0,0,0.0,0.0,174
0.9,concentrated,B3_partial_False,4,26,879,879,0,0.0,1.5397727272727273,2.0,2.1631272996813102,1.003,1.1601272996813103,0.0,0,0.0,0.0,176
0.9,concentrated,B3_partial_False,4,27,897,897,0,0.0,1.4742857142857142,2.0,2.1576476739220016,1.001,1.1566476739220015,0.0,0,0.0,0.0,175
0.9,concentrated,B3_partial_False,4,28,820,820,0,0.0,1.49375,2.0,2.136385773746886,1.001,1.1353857737468858,0.0,0,0.0,0.0,160
0.9,concentrated,B3_partial_False,4,29,959,959,0,0.0,1.4322916666666667,2.0,2.157359313366411,1.001,1.1563593133664112,0.0,0,0.0,0.0,192
0.9,concentrated,B3_partial_False,4,30,874,874,0,0.0,1.4342857142857144,2.0,2.145169552445104,1.002,1.1431695524451042,0.0,0,0.0,0.0,175
0.9,distributed,B3_partial_False,0,1,866,866,0,0.0,1.0129870129870129,1.0,2.034409592534683,1.002,1.032409592534683,0.0,0,0.12547770700636943,0.0,154
0.9,distributed,B3_partial_False,0,2,921,921,0,0.0,1.0182926829268293,1.0,2.0431003926709406,1.003,1.0401003926709407,0.0,0,0.15529411764705883,0.0,164
0.9,distributed,B3_partial_False,0,3,914,914,0,0.0,1.0058823529411764,1.0,2.0456204577664177,1.001,1.0446204577664178,0.0,0,0.12742857142857142,0.0,170
0.9,distributed,B3_partial_False,0,4,913,913,0,0.0,1.006060606060606,1.0,2.0341626838775886,1.0,1.0341626838775884,0.0,0,0.125,0.0,165
0.9,distributed,B3_partial_False,0,5,867,867,0,0.0,1.0248447204968945,1.0,2.0389411341563948,1.0,1.0389411341563948,0.0,0,0.13963414634146343,0.0,161
0.9,distributed,B3_partial_False,0,6,949,949,0,0.0,1.0172413793103448,1.0,2.03991934275541,1.001,1.0389193427554104,0.0,0,0.15593220338983052,0.0,174
0.9,distributed,B3_partial_False,1,7,831,831,0,0.0,1.06,2.0,2.0388270108852975,1.002,1.0368270108852975,0.0,0,0.2519480519480519,0.0,150
0.9,distributed,B3_partial_False,1,8,885,885,0,0.0,1.0596026490066226,2.0,2.0392600553856246,1.001,1.0382600553856245,0.0,0,0.1980891719745223,0.0,151
0.9,distributed,B3_partial_False,1,9,885,885,0,0.0,1.0512820512820513,1.25,2.023219264220902,1.0,1.0232192642209024,0.0,0,0.235625,0.0,156
0.9,distributed,B3_partial_False,1,10,940,940,0,0.0,1.058139534883721,2.0,2.0427986759491947,1.002,1.0407986759491947,0.0,0,0.21864406779661016,0.0,172
0.9,distributed,B3_partial_False,1,11,915,915,0,0.0,1.0650887573964498,2.0,2.0383742634796356,1.002,1.0363742634796353,0.0,0,0.25632183908045975,0.0,169
0.9,distributed,B3_partial_False,1,12,852,852,0,0.0,1.0454545454545454,1.0,2.0270606425569495,1.001,1.0260606425569498,0.0,0,0.22101910828025478,0.0,154
0.9,distributed,B3_partial_False,2,13,906,906,0,0.0,1.0365853658536586,1.0,2.0423243093233987,1.001,1.0413243093233988,0.0,0,0.18511904761904763,0.0,164
0.9,distributed,B3_partial_False,2,14,919,919,0,0.0,1.0350877192982457,1.0,2.0305853559577276,1.001,1.0295853559577277,0.0,0,0.22045454545454546,0.0,171
0.9,distributed,B3_partial_False,2,15,903,903,0,0.0,1.037037037037037,1.0,2.032261912246235,1.002,1.030261912246235,0.0,0,0.18862275449101795,0.0,162
0.9,distributed,B3_partial_False,2,16,864,864,0,0.0,1.0192307692307692,1.0,2.0427786047955614,1.002,1.0407786047955612,0.0,0,0.20875,0.0,156
0.9,distributed,B3_partial_False,2,17,945,945,0,0.0,1.0165745856353592,1.0,2.040878371046669,0.999,1.041878371046669,0.0,0,0.1827027027027027,0.0,181
0.9,distributed,B3_partial_False,2,18,899,899,0,0.0,1.0662650602409638,2.0,2.033796872111616,0.999,1.034796872111616,0.0,0,0.18764705882352942,0.0,166
0.9,distributed,B3_partial_False,3,19,870,870,0,0.0,1.0126582278481013,1.0,2.0264077965861382,1.001,1.0254077965861383,0.0,0,0.2006172839506173,0.0,158
0.9,distributed,B3_partial_False,3,20,921,921,0,0.0,1.0058823529411764,1.0,2.0423007172871204,1.001,1.0413007172871203,0.0,0,0.15738636363636363,0.0,170
0.9,distributed,B3_partial_False,3,21,900,900,0,0.0,1.0248447204968945,1.0,2.036121360442725,1.001,1.035121360442725,0.0,0,0.17333333333333334,0.0,161
0.9,distributed,B3_partial_False,3,22,892,892,0,0.0,1.00625,1.0,2.0378468835062193,1.003,1.0348468835062195,0.0,0,0.1674698795180723,0.0,160
0.9,distributed,B3_partial_False,3,23,879,879,0,0.0,1.0132450331125828,1.0,2.0237329863923597,1.002,1.0217329863923599,0.0,0,0.20379746835443038,0.0,151
0.9,distributed,B3_partial_False,3,24,883,883,0,0.0,1.0063291139240507,1.0,2.0468169911127667,1.002,1.044816991112767,0.0,0,0.1688622754491018,0.0,158
0.9,distributed,B3_partial_False,4,25,880,880,0,0.0,1.0,1.0,2.032236992235007,1.001,1.031236992235007,0.0,0,0.2343558282208589,0.0,160
0.9,distributed,B3_partial_False,4,26,879,879,0,0.0,1.0,1.0,2.025373292578394,1.003,1.0223732925783942,0.0,0,0.2895061728395062,0.0,157
0.9,distributed,B3_partial_False,4,27,897,897,0,0.0,1.0,1.0,2.0365789638299345,1.002,1.0345789638299343,0.0,0,0.23393939393939395,0.0,161
0.9,distributed,B3_partial_False,4,28,820,820,0,0.0,1.0,1.0,2.0120062690366787,1.001,1.0110062690366788,0.0,0,0.2418918918918919,0.0,145
0.9,distributed,B3_partial_False,4,29,959,959,0,0.0,1.0,1.0,2.034209593518601,1.001,1.0332095935186012,0.0,0,0.25055555555555553,0.0,177
0.9,distributed,B3_partial_False,4,30,874,874,0,0.0,1.0,1.0,2.0295600310272945,1.002,1.0275600310272943,0.0,0,0.22392638036809817,0.0,159
1.1,concentrated,B3_partial_False,0,1,1084,1084,0,0.0,1.4764150943396226,2.0,2.1503882273723605,1.002,1.1483882273723605,0.0,0,0.0,0.0,212
1.1,concentrated,B3_partial_False,0,2,1126,1126,0,0.0,1.5246636771300448,2.0,2.15769317722943,1.002,1.1556931772294299,0.0,0,0.0,0.0,223
1.1,concentrated,B3_partial_False,0,3,1115,1115,0,0.0,1.5535714285714286,2.0,2.154243323008962,1.002,1.1522433230089617,0.0,0,0.0,0.0,224
1.1,concentrated,B3_partial_False,0,4,1126,1126,0,0.0,1.5339366515837105,2.0,2.1649931109676914,1.001,1.1639931109676915,0.0,0,0.0,0.0,221
1.1,concentrated,B3_partial_False,0,5,1078,1078,0,0.0,1.5161290322580645,2.0,2.164698298429438,1.002,1.1626982984294378,0.0,0,0.0,0.0,217
1.1,concentrated,B3_partial_False,0,6,1180,1180,0,0.0,1.5042372881355932,2.0,2.15143485329829,1.001,1.1504348532982898,0.0,0,0.0,0.0,236
1.1,concentrated,B3_partial_False,1,7,1057,1057,0,0.0,1.4108910891089108,2.0,2.1479228497717524,1.002,1.1459228497717524,0.0,0,0.0,0.0,202
1.1,concentrated,B3_partial_False,1,8,1113,1113,0,0.0,1.4454545454545455,2.0,2.153565160207391,1.002,1.151565160207391,0.0,0,0.0,0.0,220
1.1,concentrated,B3_partial_False,1,9,1065,1065,0,0.0,1.4238095238095239,2.0,2.145984857010859,0.999,1.1469848570108592,0.0,0,0.0,0.0,210
1.1,concentrated,B3_partial_False,1,10,1132,1132,0,0.0,1.4473684210526316,2.0,2.1520343747415844,1.0,1.1520343747415844,0.0,0,0.0,0.0,228
1.1,concentrated,B3_partial_False,1,11,1110,1110,0,0.0,1.463302752293578,2.0,2.167812036353734,1.001,1.1668120363537342,0.0,0,0.0,0.0,218
1.1,concentrated,B3_partial_False,1,12,1060,1060,0,0.0,1.4952380952380953,2.0,2.1662879286884986,1.002,1.1642879286884986,0.0,0,0.0,0.0,210
1.1,concentrated,B3_partial_False,2,13,1096,1096,0,0.0,1.5045871559633028,2.0,2.1569381075506895,1.0,1.1569381075506893,0.0,0,0.0,0.0,218
1.1,concentrated,B3_partial_False,2,14,1120,1120,0,0.0,1.4177777777777778,2.0,2.146546349385473,1.001,1.145546349385473,0.0,0,0.0,0.0,225
1.1,concentrated,B3_partial_False,2,15,1091,1091,0,0.0,1.4688995215311005,2.0,2.1489899318101946,1.002,1.1469899318101948,0.0,0,0.0,0.0,209
1.1,concentrated,B3_partial_False,2,16,1072,1072,0,0.0,1.4766355140186915,2.0,2.152795792833269,1.001,1.1517957928332692,0.0,0,0.0,0.0,214
1.1,concentrated,B3_partial_False,2,17,1155,1155,0,0.0,1.4612068965517242,2.0,2.1513244719066087,1.002,1.1493244719066087,0.0,0,0.0,0.0,232
1.1,concentrated,B3_partial_False,2,18,1126,1126,0,0.0,1.4910714285714286,2.0,2.170802208281118,1.002,1.168802208281118,0.0,0,0.0,0.0,224
1.1,concentrated,B3_partial_False,3,19,1068,1068,0,0.0,1.5046728971962617,2.0,2.1506135727633646,0.999,1.1516135727633647,0.0,0,0.0,0.0,214
1.1,concentrated,B3_partial_False,3,20,1121,1121,0,0.0,1.5133928571428572,2.0,2.1562556300296443,1.001,1.1552556300296442,0.0,0,0.0,0.0,224
1.1,concentrated,B3_partial_False,3,21,1104,1104,0,0.0,1.5495495495495495,2.0,2.1663857187397353,1.001,1.1653857187397354,0.0,0,0.0,0.0,222
1.1,concentrated,B3_partial_False,3,22,1113,1113,0,0.0,1.4794520547945205,2.0,2.1531875761327024,1.001,1.1521875761327023,0.0,0,0.0,0.0,219
1.1,concentrated,B3_partial_False,3,23,1069,1069,0,0.0,1.4611650485436893,2.0,2.1466266956722566,1.002,1.1446266956722566,0.0,0,0.0,0.0,206
1.1,concentrated,B3_partial_False,3,24,1072,1072,0,0.0,1.5023255813953489,2.0,2.1652276310335576,1.001,1.164227631033558,0.0,0,0.0,0.0,215
1.1,concentrated,B3_partial_False,4,25,1097,1097,0,0.0,1.5023696682464456,2.0,2.157298717914837,1.002,1.1552987179148368,0.0,0,0.0,0.0,211
1.1,concentrated,B3_partial_False,4,26,1081,1081,0,0.0,1.4770642201834863,2.0,2.1541972013374604,1.001,1.1531972013374603,0.0,0,0.0,0.0,218
1.1,concentrated,B3_partial_False,4,27,1100,1100,0,0.0,1.4727272727272727,2.0,2.163124378963295,1.002,1.1611243789632948,0.0,0,0.0,0.0,220
1.1,concentrated,B3_partial_False,4,28,1051,1051,0,0.0,1.541062801932367,2.0,2.1415629902274302,1.001,1.1405629902274304,0.0,0,0.0,0.0,207
1.1,concentrated,B3_partial_False,4,29,1184,1184,0,0.0,1.4425531914893617,2.0,2.1442796642577093,0.998,1.1462796642577093,0.0,0,0.0,0.0,235
1.1,concentrated,B3_partial_False,4,30,1060,1060,0,0.0,1.460093896713615,2.0,2.156983573699252,1.003,1.1539835736992523,0.0,0,0.0,0.0,213
1.1,distributed,B3_partial_False,0,1,1084,1084,0,0.0,1.0101010101010102,1.0,2.0336575028014954,1.002,1.0316575028014956,0.0,0,0.13009708737864079,0.0,198
1.1,distributed,B3_partial_False,0,2,1126,1126,0,0.0,1.0195121951219512,1.0,2.0533944326238407,1.002,1.051394432623841,0.0,0,0.13744075829383887,0.0,205
1.1,distributed,B3_partial_False,0,3,1115,1115,0,0.0,1.0048780487804878,1.0,2.043943250356123,1.002,1.041943250356123,0.0,0,0.15023923444976076,0.0,205
1.1,distributed,B3_partial_False,0,4,1126,1126,0,0.0,1.0047169811320755,1.0,2.0467543297163675,1.001,1.0457543297163676,0.0,0,0.14700460829493087,0.0,212
1.1,distributed,B3_partial_False,0,5,1078,1078,0,0.0,1.0196078431372548,1.0,2.05148754645881,1.003,1.0484875464588101,0.0,0,0.11545893719806763,0.0,204
1.1,distributed,B3_partial_False,0,6,1180,1180,0,0.0,1.0091324200913243,1.0,2.0497429125628677,1.002,1.0477429125628677,0.0,0,0.16950672645739912,0.0,219
1.1,distributed,B3_partial_False,1,7,1057,1057,0,0.0,1.037037037037037,1.0,2.0395338679619126,1.002,1.0375338679619128,0.0,0,0.2280612244897959,0.0,189
1.1,distributed,B3_partial_False,1,8,1113,1113,0,0.0,1.0808080808080809,2.0,2.0492250467850273,1.003,1.0462250467850271,0.0,0,0.21970443349753693,0.0,198
1.1,distributed,B3_partial_False,1,9,1065,1065,0,0.0,1.055,2.0,2.036875083900188,1.0,1.036875083900188,0.0,0,0.2068627450980392,0.0,200
1.1,distributed,B3_partial_False,1,10,1132,1132,0,0.0,1.1047619047619048,2.0,2.048105555746562,0.999,1.049105555746562,0.0,0,0.21481481481481482,0.0,210
1.1,distributed,B3_partial_False,1,11,1110,1110,0,0.0,1.0439024390243903,1.0,2.0455388293342995,1.001,1.0445388293342999,0.0,0,0.21674641148325358,0.0,205
1.1,distributed,B3_partial_False,1,12,1060,1060,0,0.0,1.0659898477157361,2.0,2.047118975730963,1.002,1.0451189757309627,0.0,0,0.21691542288557214,0.0,197
1.1,distributed,B3_partial_False,2,13,1096,1096,0,0.0,1.0303030303030303,1.0,2.0355663086987494,1.0,1.0355663086987492,0.0,0,0.19704433497536947,0.0,198
1.1,distributed,B3_partial_False,2,14,1120,1120,0,0.0,1.0292682926829269,1.0,2.030960923944335,1.001,1.0299609239443352,0.0,0,0.1924170616113744,0.0,205
1.1,distributed,B3_partial_False,2,15,1091,1091,0,0.0,1.0572916666666667,2.0,2.0359127087894926,1.002,1.0339127087894926,0.0,0,0.1847715736040609,0.0,192
1.1,distributed,B3_partial_False,2,16,1072,1072,0,0.0,1.0213903743315509,1.0,2.0210157751000644,1.001,1.0200157751000647,0.0,0,0.21649484536082475,0.0,187
1.1,distributed,B3_partial_False,2,17,1155,1155,0,0.0,1.013953488372093,1.0,2.043421213355445,1.002,1.0414212133554448,0.0,0,0.16636363636363635,0.0,215
1.1,distributed,B3_partial_False,2,18,1126,1126,0,0.0,1.0531400966183575,1.6999999999999886,2.050528926087128,1.002,1.0485289260871276,0.0,0,0.21469194312796208,0.0,207
1.1,distributed,B3_partial_False,3,19,1068,1068,0,0.0,1.0206185567010309,1.0,2.029714621896966,0.999,1.030714621896966,0.0,0,0.16954314720812183,0.0,194
1.1,distributed,B3_partial_False,3,20,1121,1121,0,0.0,1.0147058823529411,1.0,2.037021800180919,1.001,1.036021800180919,0.0,0,0.19423076923076923,0.0,204
1.1,distributed,B3_partial_False,3,21,1104,1104,0,0.0,1.015,1.0,2.034199636646016,1.001,1.0331996366460159,0.0,0,0.175,0.0,200
1.1,distributed,B3_partial_False,3,22,1113,1113,0,0.0,1.0,1.0,2.0328989089510543,1.0,1.032898908951054,0.0,0,0.1631578947368421,0.0,203
1.1,distributed,B3_partial_False,3,23,1069,1069,0,0.0,1.0108108108108107,1.0,2.0314426753544472,1.002,1.029442675354447,0.0,0,0.19788359788359788,0.0,185
1.1,distributed,B3_partial_False,3,24,1072,1072,0,0.0,1.0050761421319796,1.0,2.032745609420378,1.002,1.030745609420378,0.0,0,0.1807881773399015,0.0,197
1.1,distributed,B3_partial_False,4,25,1097,1097,0,0.0,1.0,1.0,2.0305212894932,1.002,1.0285212894931999,0.0,0,0.2175,0.0,191
1.1,distributed,B3_partial_False,4,26,1081,1081,0,0.0,1.0,1.0,2.040355198606267,1.001,1.039355198606267,0.0,0,0.2400990099009901,0.0,195
1.1,distributed,B3_partial_False,4,27,1100,1100,0,0.0,1.0,1.0,2.0387537039202073,1.002,1.036753703920207,0.0,0,0.22450980392156863,0.0,199
1.1,distributed,B3_partial_False,4,28,1051,1051,0,0.0,1.0,1.0,2.021484442825516,1.001,1.0204844428255162,0.0,0,0.2316831683168317,0.0,194
1.1,distributed,B3_partial_False,4,29,1184,1184,0,0.0,1.0,1.0,2.0257775654081147,0.998,1.0277775654081147,0.0,0,0.2171945701357466,0.0,216
1.1,distributed,B3_partial_False,4,30,1060,1060,0,0.0,1.0,1.0,2.033476062501347,1.002,1.031476062501347,0.0,0,0.2326633165829146,0.0,191
1.3,concentrated,B3_partial_False,0,1,1288,1288,0,0.0,1.5212355212355213,2.0,2.1624842966047733,1.002,1.1604842966047733,0.0,0,0.0,0.0,259
1.3,concentrated,B3_partial_False,0,2,1329,1329,0,0.0,1.5795454545454546,2.0,2.1641932732488174,1.002,1.1621932732488176,0.0,0,0.0,0.0,264
1.3,concentrated,B3_partial_False,0,3,1323,1323,0,0.0,1.518939393939394,2.0,2.148351348343967,1.0,1.1483513483439667,0.0,0,0.0,0.0,264
1.3,concentrated,B3_partial_False,0,4,1313,1313,0,0.0,1.5320754716981133,2.0,2.1659085587298925,1.001,1.1649085587298929,0.0,0,0.0,0.0,265
1.3,concentrated,B3_partial_False,0,5,1285,1285,0,0.0,1.5078125,2.0,2.1576406202381726,1.001,1.156640620238173,0.0,0,0.0,0.0,256
1.3,concentrated,B3_partial_False,0,6,1376,1376,0,0.0,1.5338345864661653,2.0,2.157599750853996,1.001,1.1565997508539965,0.0,0,0.0,0.0,266
1.3,concentrated,B3_partial_False,1,7,1244,1244,0,0.0,1.4505928853754941,2.0,2.1566024584328627,1.0,1.1566024584328627,0.0,0,0.0,0.0,253
1.3,concentrated,B3_partial_False,1,8,1297,1297,0,0.0,1.428,2.0,2.147458167701587,1.002,1.1454581677015874,0.0,0,0.0,0.0,250
1.3,concentrated,B3_partial_False,1,9,1281,1281,0,0.0,1.4549019607843137,2.0,2.1491169517508077,1.002,1.1471169517508077,0.0,0,0.0,0.0,255
1.3,concentrated,B3_partial_False,1,10,1314,1314,0,0.0,1.4541984732824427,2.0,2.1606067813598644,0.999,1.1616067813598645,0.0,0,0.0,0.0,262
1.3,concentrated,B3_partial_False,1,11,1322,1322,0,0.0,1.4887218045112782,2.0,2.1685761339389016,1.003,1.1655761339389015,0.0,0,0.0,0.0,266
1.3,concentrated,B3_partial_False,1,12,1276,1276,0,0.0,1.4703557312252964,2.0,2.157513622847236,1.001,1.156513622847236,0.0,0,0.0,0.0,253
1.3,concentrated,B3_partial_False,2,13,1316,1316,0,0.0,1.45,2.0,2.154304970367981,1.002,1.1523049703679809,0.0,0,0.0,0.0,260
1.3,concentrated,B3_partial_False,2,14,1297,1297,0,0.0,1.507936507936508,2.0,2.153913774334254,1.001,1.152913774334254,0.0,0,0.0,0.0,252
1.3,concentrated,B3_partial_False,2,15,1289,1289,0,0.0,1.5219123505976095,2.0,2.157867299813205,1.002,1.155867299813205,0.0,0,0.0,0.0,251
1.3,concentrated,B3_partial_False,2,16,1248,1248,0,0.0,1.51417004048583,2.0,2.16080807599117,0.998,1.16280807599117,0.0,0,0.0,0.0,247
1.3,concentrated,B3_partial_False,2,17,1340,1340,0,0.0,1.458955223880597,2.0,2.154473147476372,1.002,1.1524731474763719,0.0,0,0.0,0.0,268
1.3,concentrated,B3_partial_False,2,18,1340,1340,0,0.0,1.5393258426966292,2.0,2.1606781118370915,1.0,1.1606781118370915,0.0,0,0.0,0.0,267
1.3,concentrated,B3_partial_False,3,19,1284,1284,0,0.0,1.5210727969348659,2.0,2.162664998700202,1.001,1.1616649987002021,0.0,0,0.0,0.0,261
1.3,concentrated,B3_partial_False,3,20,1308,1308,0,0.0,1.4732824427480915,2.0,2.159821897083458,1.003,1.156821897083458,0.0,0,0.0,0.0,262
1.3,concentrated,B3_partial_False,3,21,1292,1292,0,0.0,1.5236220472440944,2.0,2.1566558488123215,1.0,1.1566558488123215,0.0,0,0.0,0.0,254
1.3,concentrated,B3_partial_False,3,22,1313,1313,0,0.0,1.5405405405405406,2.0,2.163541831554304,1.001,1.162541831554304,0.0,0,0.0,0.0,259
1.3,concentrated,B3_partial_False,3,23,1279,1279,0,0.0,1.4444444444444444,2.0,2.151717044812325,1.002,1.149717044812325,0.0,0,0.0,0.0,252
1.3,concentrated,B3_partial_False,3,24,1277,1277,0,0.0,1.484,2.0,2.1631274364651802,1.002,1.1611274364651802,0.0,0,0.0,0.0,250
1.3,concentrated,B3_partial_False,4,25,1281,1281,0,0.0,1.45703125,2.0,2.150629642225324,1.002,1.148629642225324,0.0,0,0.0,0.0,256
1.3,concentrated,B3_partial_False,4,26,1298,1298,0,0.0,1.5112781954887218,2.0,2.1641902412682468,1.001,1.163190241268247,0.0,0,0.0,0.0,266
1.3,concentrated,B3_partial_False,4,27,1293,1293,0,0.0,1.428030303030303,2.0,2.159509951450211,1.001,1.158509951450211,0.0,0,0.0,0.0,264
1.3,concentrated,B3_partial_False,4,28,1245,1245,0,0.0,1.5296442687747036,2.0,2.165293617414508,0.998,1.1672936174145083,0.0,0,0.0,0.0,253
1.3,concentrated,B3_partial_False,4,29,1380,1380,0,0.0,1.4661921708185053,2.0,2.158013201727343,1.002,1.1560132017273426,0.0,0,0.0,0.0,281
1.3,concentrated,B3_partial_False,4,30,1267,1267,0,0.0,1.4563492063492063,2.0,2.1574075335908374,1.002,1.1554075335908374,0.0,0,0.0,0.0,252
1.3,distributed,B3_partial_False,0,1,1288,1288,0,0.0,1.0213675213675213,1.0,2.041116683872346,1.001,1.040116683872346,0.0,0,0.1180672268907563,0.0,234
1.3,distributed,B3_partial_False,0,2,1329,1329,0,0.0,1.016260162601626,1.0,2.0448579866582204,1.002,1.0428579866582204,0.0,0,0.15138339920948615,0.0,246
1.3,distributed,B3_partial_False,0,3,1323,1323,0,0.0,1.0163265306122449,1.0,2.048296753365526,1.001,1.0472967533655262,0.0,0,0.16600790513833993,0.0,245
1.3,distributed,B3_partial_False,0,4,1313,1313,0,0.0,1.0122448979591836,1.0,2.050346475222728,1.001,1.0493464752227282,0.0,0,0.1564,0.0,245
1.3,distributed,B3_partial_False,0,5,1285,1285,0,0.0,1.021097046413502,1.0,2.0377630625675067,1.001,1.036763062567507,0.0,0,0.12510288065843622,0.0,237
1.3,distributed,B3_partial_False,0,6,1376,1376,0,0.0,1.0040322580645162,1.0,2.0424480473392377,1.001,1.0414480473392378,0.0,0,0.12549019607843137,0.0,248
1.3,distributed,B3_partial_False,1,7,1244,1244,0,0.0,1.0995670995670996,2.0,2.045060133280123,1.0,1.0450601332801228,0.0,0,0.22827004219409283,0.0,231
1.3,distributed,B3_partial_False,1,8,1297,1297,0,0.0,1.0889830508474576,2.0,2.048304424716844,1.002,1.0463044247168438,0.0,0,0.2008230452674897,0.0,236
1.3,distributed,B3_partial_False,1,9,1281,1281,0,0.0,1.0603448275862069,2.0,2.037906789258469,1.002,1.0359067892584688,0.0,0,0.21171548117154812,0.0,232
1.3,distributed,B3_partial_False,1,10,1314,1314,0,0.0,1.0448979591836736,1.0,2.058003605943413,1.0,1.0580036059434128,0.0,0,0.20481927710843373,0.0,245
1.3,distributed,B3_partial_False,1,11,1322,1322,0,0.0,1.0543933054393306,2.0,2.046914929847203,1.003,1.043914929847203,0.0,0,0.1983739837398374,0.0,239
1.3,distributed,B3_partial_False,1,12,1276,1276,0,0.0,1.097872340425532,2.0,2.0482008871301227,1.001,1.0472008871301228,0.0,0,0.21115702479338844,0.0,235
1.3,distributed,B3_partial_False,2,13,1316,1316,0,0.0,1.0421940928270041,1.0,2.0455690830444127,1.002,1.0435690830444126,0.0,0,0.1908713692946058,0.0,237
1.3,distributed,B3_partial_False,2,14,1297,1297,0,0.0,1.0258620689655173,1.0,2.035724462198147,1.001,1.034724462198147,0.0,0,0.19173553719008266,0.0,232
1.3,distributed,B3_partial_False,2,15,1289,1289,0,0.0,1.0337552742616034,1.0,2.044267600916529,1.001,1.0432676009165291,0.0,0,0.17842323651452283,0.0,237
1.3,distributed,B3_partial_False,2,16,1248,1248,0,0.0,1.0398230088495575,1.0,2.034811689808684,0.999,1.035811689808684,0.0,0,0.19126637554585152,0.0,226
1.3,distributed,B3_partial_False,2,17,1340,1340,0,0.0,1.032,1.0,2.050571902971188,1.002,1.0485719029711884,0.0,0,0.18346456692913385,0.0,250
1.3,distributed,B3_partial_False,2,18,1340,1340,0,0.0,1.0602409638554218,2.0,2.0454227292404332,1.0,1.0454227292404332,0.0,0,0.17237354085603113,0.0,249
1.3,distributed,B3_partial_False,3,19,1284,1284,0,0.0,1.0084745762711864,1.0,2.0257644965049,1.003,1.0227644965049003,0.0,0,0.17125,0.0,236
1.3,distributed,B3_partial_False,3,20,1308,1308,0,0.0,1.0209205020920502,1.0,2.030008162991358,1.002,1.028008162991358,0.0,0,0.1636734693877551,0.0,239
1.3,distributed,B3_partial_False,3,21,1292,1292,0,0.0,1.0254237288135593,1.0,2.036197904169593,1.0,1.036197904169593,0.0,0,0.1871900826446281,0.0,236
1.3,distributed,B3_partial_False,3,22,1313,1313,0,0.0,1.00836820083682,1.0,2.0388974785473675,1.001,1.0378974785473674,0.0,0,0.18252032520325204,0.0,239
1.3,distributed,B3_partial_False,3,23,1279,1279,0,0.0,1.0218340611353711,1.0,2.043131688871701,1.001,1.0421316888717012,0.0,0,0.1752136752136752,0.0,229
1.3,distributed,B3_partial_False,3,24,1277,1277,0,0.0,1.0128205128205128,1.0,2.0468996788534044,1.001,1.0458996788534045,0.0,0,0.16322314049586778,0.0,234
1.3,distributed,B3_partial_False,4,25,1281,1281,0,0.0,1.0,1.0,2.0310544181803287,1.001,1.0300544181803288,0.0,0,0.2097872340425532,0.0,228
1.3,distributed,B3_partial_False,4,26,1298,1298,0,0.0,1.0,1.0,2.033781607833263,1.002,1.0317816078332631,0.0,0,0.20991735537190082,0.0,238
1.3,distributed,B3_partial_False,4,27,1293,1293,0,0.0,1.0,1.0,2.0330337702047676,1.001,1.0320337702047677,0.0,0,0.22796610169491524,0.0,232
1.3,distributed,B3_partial_False,4,28,1245,1245,0,0.0,1.0,1.0,2.024181196238751,0.999,1.025181196238751,0.0,0,0.25689655172413794,0.0,229
1.3,distributed,B3_partial_False,4,29,1380,1380,0,0.0,1.0,1.0,2.0263873775663916,1.002,1.0243873775663916,0.0,0,0.20807692307692308,0.0,251
1.3,distributed,B3_partial_False,4,30,1267,1267,0,0.0,1.0,1.0,2.025359134219385,1.002,1.023359134219385,0.0,0,0.24310344827586206,0.0,227
1.6,concentrated,B3_partial_False,0,1,1589,1589,0,0.0,1.4600638977635783,2.0,2.1526201096440394,1.001,1.1516201096440393,0.0,0,0.0,0.0,313
1.6,concentrated,B3_partial_False,0,2,1630,1630,0,0.0,1.4622356495468278,2.0,2.1614421498961045,1.002,1.1594421498961045,0.0,0,0.0,0.0,331
1.6,concentrated,B3_partial_False,0,3,1617,1617,0,0.0,1.5077399380804954,2.0,2.1508099984849838,1.001,1.1498099984849839,0.0,0,0.0,0.0,323
1.6,concentrated,B3_partial_False,0,4,1613,1613,0,0.0,1.4676923076923076,2.0,2.1613309793610944,1.002,1.1593309793610944,0.0,0,0.0,0.0,325
1.6,concentrated,B3_partial_False,0,5,1617,1617,0,0.0,1.5134328358208955,2.0,2.1711477970396755,1.002,1.1691477970396755,0.0,0,0.0,0.0,335
1.6,concentrated,B3_partial_False,0,6,1705,1705,0,0.0,1.5345345345345345,2.0,2.165989951141353,1.003,1.1629899511413528,0.0,0,0.0,0.0,333
1.6,concentrated,B3_partial_False,1,7,1570,1570,0,0.0,1.4873417721518987,2.0,2.1646892557831494,1.002,1.1626892557831494,0.0,0,0.0,0.0,316
1.6,concentrated,B3_partial_False,1,8,1546,1546,0,0.0,1.4126984126984128,2.0,2.1633198453753897,1.002,1.1613198453753895,0.0,0,0.0,0.0,315
1.6,concentrated,B3_partial_False,1,9,1570,1570,0,0.0,1.4294670846394983,2.0,2.159985757513765,1.002,1.1579857575137649,0.0,0,0.0,0.0,319
1.6,concentrated,B3_partial_False,1,10,1595,1595,0,0.0,1.4037854889589905,2.0,2.157821996135671,1.002,1.155821996135671,0.0,0,0.0,0.0,317
1.6,concentrated,B3_partial_False,1,11,1610,1610,0,0.0,1.421383647798742,2.0,2.1608731010263007,1.002,1.158873101026301,0.0,0,0.0,0.0,318
1.6,concentrated,B3_partial_False,1,12,1554,1554,0,0.0,1.526813880126183,2.0,2.1713632916109074,1.002,1.1693632916109071,0.0,0,0.0,0.0,317
1.6,concentrated,B3_partial_False,2,13,1618,1618,0,0.0,1.5,2.0,2.1671086668087147,1.002,1.1651086668087145,0.0,0,0.0,0.0,322
1.6,concentrated,B3_partial_False,2,14,1596,1596,0,0.0,1.4845679012345678,2.0,2.160723310383318,1.002,1.1587233103833183,0.0,0,0.0,0.0,324
1.6,concentrated,B3_partial_False,2,15,1594,1594,0,0.0,1.498452012383901,2.0,2.1635930238022683,1.001,1.1625930238022686,0.0,0,0.0,0.0,323
1.6,concentrated,B3_partial_False,2,16,1548,1548,0,0.0,1.5047923322683705,2.0,2.165745661796454,1.001,1.164745661796454,0.0,0,0.0,0.0,313
1.6,concentrated,B3_partial_False,2,17,1649,1649,0,0.0,1.496969696969697,2.0,2.1682993809569093,1.002,1.1662993809569093,0.0,0,0.0,0.0,330
1.6,concentrated,B3_partial_False,2,18,1666,1666,0,0.0,1.5,2.0,2.165263523922083,1.003,1.1622635239220829,0.0,0,0.0,0.0,338
1.6,concentrated,B3_partial_False,3,19,1595,1595,0,0.0,1.5062893081761006,2.0,2.1666999603942845,1.003,1.1636999603942848,0.0,0,0.0,0.0,318
1.6,concentrated,B3_partial_False,3,20,1605,1605,0,0.0,1.5141065830721003,2.0,2.1708629438332006,1.002,1.1688629438332003,0.0,0,0.0,0.0,319
1.6,concentrated,B3_partial_False,3,21,1566,1566,0,0.0,1.5206349206349206,2.0,2.161898205401516,1.001,1.160898205401516,0.0,0,0.0,0.0,315
1.6,concentrated,B3_partial_False,3,22,1629,1629,0,0.0,1.5197568389057752,2.0,2.166443864795557,1.0,1.166443864795557,0.0,0,0.0,0.0,329
1.6,concentrated,B3_partial_False,3,23,1578,1578,0,0.0,1.4841772151898733,2.0,2.161913319198356,1.001,1.1609133191983563,0.0,0,0.0,0.0,316
1.6,concentrated,B3_partial_False,3,24,1598,1598,0,0.0,1.5076923076923077,2.0,2.1613204510253157,1.001,1.160320451025316,0.0,0,0.0,0.0,325
1.6,concentrated,B3_partial_False,4,25,1578,1578,0,0.0,1.4938271604938271,2.0,2.1723729486900174,1.002,1.1703729486900174,0.0,0,0.0,0.0,324
1.6,concentrated,B3_partial_False,4,26,1594,1594,0,0.0,1.509090909090909,2.0,2.1658462276479824,1.002,1.1638462276479826,0.0,0,0.0,0.0,330
1.6,concentrated,B3_partial_False,4,27,1583,1583,0,0.0,1.4662576687116564,2.0,2.172214708774031,1.001,1.1712147087740312,0.0,0,0.0,0.0,326
1.6,concentrated,B3_partial_False,4,28,1574,1574,0,0.0,1.484375,2.0,2.164342425641548,1.002,1.1623424256415482,0.0,0,0.0,0.0,320
1.6,concentrated,B3_partial_False,4,29,1686,1686,0,0.0,1.446064139941691,2.0,2.1565040745715374,1.002,1.1545040745715371,0.0,0,0.0,0.0,343
1.6,concentrated,B3_partial_False,4,30,1525,1525,0,0.0,1.5097402597402598,2.0,2.1646560167416276,1.002,1.1626560167416276,0.0,0,0.0,0.0,308
1.6,distributed,B3_partial_False,0,1,1589,1589,0,0.0,1.0173611111111112,1.0,2.0614115709325835,1.003,1.0584115709325834,0.0,0,0.12789115646258503,0.0,288
1.6,distributed,B3_partial_False,0,2,1630,1630,0,0.0,1.0260586319218241,1.0,2.0502468032915386,1.002,1.0482468032915384,0.0,0,0.14166666666666666,0.0,307
1.6,distributed,B3_partial_False,0,3,1617,1617,0,0.0,1.0068027210884354,1.0,2.043806494351985,1.001,1.0428064943519855,0.0,0,0.13387622149837133,0.0,294
1.6,distributed,B3_partial_False,0,4,1613,1613,0,0.0,1.0066889632107023,1.0,2.0458155840199703,1.002,1.0438155840199705,0.0,0,0.12819672131147541,0.0,299
1.6,distributed,B3_partial_False,0,5,1617,1617,0,0.0,1.0199335548172757,1.0,2.057975514773039,1.002,1.055975514773039,0.0,0,0.13517915309446255,0.0,301
1.6,distributed,B3_partial_False,0,6,1705,1705,0,0.0,1.0129032258064516,1.0,2.0497000949700483,1.002,1.0477000949700486,0.0,0,0.1341614906832298,0.0,310
1.6,distributed,B3_partial_False,1,7,1570,1570,0,0.0,1.070945945945946,2.0,2.048110577868581,1.001,1.0471105778685812,0.0,0,0.1803921568627451,0.0,296
1.6,distributed,B3_partial_False,1,8,1546,1546,0,0.0,1.0818505338078293,2.0,2.0529130145550942,1.002,1.050913014555094,0.0,0,0.2407665505226481,0.0,281
1.6,distributed,B3_partial_False,1,9,1570,1570,0,0.0,1.0513698630136987,1.4499999999999886,2.046070409096356,1.002,1.0440704090963564,0.0,0,0.18762541806020067,0.0,292
1.6,distributed,B3_partial_False,1,10,1595,1595,0,0.0,1.0578231292517006,2.0,2.051842773064373,1.002,1.049842773064373,0.0,0,0.19666666666666666,0.0,294
1.6,distributed,B3_partial_False,1,11,1610,1610,0,0.0,1.0808080808080809,2.0,2.055861582421759,1.002,1.0538615824217592,0.0,0,0.19052287581699345,0.0,297
1.6,distributed,B3_partial_False,1,12,1554,1554,0,0.0,1.0482758620689656,1.0,2.052019930654441,1.001,1.051019930654441,0.0,0,0.20033783783783785,0.0,290
1.6,distributed,B3_partial_False,2,13,1618,1618,0,0.0,1.034013605442177,1.0,2.041936762683804,1.002,1.0399367626838039,0.0,0,0.17245901639344263,0.0,294
1.6,distributed,B3_partial_False,2,14,1596,1596,0,0.0,1.0476190476190477,1.0,2.042604263424775,1.002,1.0406042634247754,0.0,0,0.16788079470198675,0.0,294
1.6,distributed,B3_partial_False,2,15,1594,1594,0,0.0,1.0369127516778522,1.0,2.0443257072824705,1.002,1.0423257072824708,0.0,0,0.15751633986928104,0.0,298
1.6,distributed,B3_partial_False,2,16,1548,1548,0,0.0,1.0173611111111112,1.0,2.0400459231028645,1.001,1.0390459231028648,0.0,0,0.18361774744027304,0.0,288
1.6,distributed,B3_partial_False,2,17,1649,1649,0,0.0,1.0420711974110033,1.0,2.0457250660493314,1.002,1.0437250660493314,0.0,0,0.14952380952380953,0.0,309
1.6,distributed,B3_partial_False,2,18,1666,1666,0,0.0,1.0353697749196142,1.0,2.0475085833204636,1.002,1.0455085833204636,0.0,0,0.17955974842767294,0.0,311
1.6,distributed,B3_partial_False,3,19,1595,1595,0,0.0,1.0136518771331058,1.0,2.038775792349268,1.003,1.035775792349268,0.0,0,0.16303630363036303,0.0,293
1.6,distributed,B3_partial_False,3,20,1605,1605,0,0.0,1.0101694915254238,1.0,2.045553735402226,1.002,1.043553735402226,0.0,0,0.17114754098360654,0.0,295
1.6,distributed,B3_partial_False,3,21,1566,1566,0,0.0,1.0244755244755244,1.0,2.0422509100650803,1.002,1.0402509100650805,0.0,0,0.16335616438356165,0.0,286
1.6,distributed,B3_partial_False,3,22,1629,1629,0,0.0,1.0033557046979866,1.0,2.038580372690959,1.0,1.038580372690959,0.0,0,0.1619672131147541,0.0,298
1.6,distributed,B3_partial_False,3,23,1578,1578,0,0.0,1.017605633802817,1.0,2.0451825860509536,1.002,1.0431825860509536,0.0,0,0.16506849315068492,0.0,284
1.6,distributed,B3_partial_False,3,24,1598,1598,0,0.0,1.0136054421768708,1.0,2.0461673259829634,1.002,1.0441673259829634,0.0,0,0.1570957095709571,0.0,294
1.6,distributed,B3_partial_False,4,25,1578,1578,0,0.0,1.0,1.0,2.046428688866505,1.003,1.0434286888665047,0.0,0,0.20714285714285716,0.0,287
1.6,distributed,B3_partial_False,4,26,1594,1594,0,0.0,1.0,1.0,2.035087608058398,1.001,1.0340876080583983,0.0,0,0.211,0.0,293
1.6,distributed,B3_partial_False,4,27,1583,1583,0,0.0,1.0,1.0,2.035561772625996,1.002,1.033561772625996,0.0,0,0.21506849315068494,0.0,287
1.6,distributed,B3_partial_False,4,28,1574,1574,0,0.0,1.0,1.0,2.0359238563288615,1.002,1.0339238563288613,0.0,0,0.23741496598639455,0.0,285
1.6,distributed,B3_partial_False,4,29,1686,1686,0,0.0,1.0,1.0,2.0340650981548554,1.002,1.0320650981548554,0.0,0,0.23903225806451614,0.0,301
1.6,distributed,B3_partial_False,4,30,1525,1525,0,0.0,1.0,1.0,2.024532565465554,1.002,1.0225325654655544,0.0,0,0.22092198581560285,0.0,277
